ts_code,trade_date,close,open,high,low,pre_close,change,pct_chg,vol,amount
000300.SH,20200102,4152.2408,4121.3487,4172.6555,4121.3487,4096.5821,55.6587,1.3587,182116772.0,270105532.028
000300.SH,20200103,4144.9649,4161.2185,4164.2989,4131.864,4152.2408,-7.2759,-0.1752,142826244.0,215216288.331
000300.SH,20200106,4129.2954,4120.5211,4170.6384,4102.3796,4144.9649,-15.6695,-0.378,175309953.0,250182071.294
000300.SH,20200107,4160.2274,4137.4019,4161.2504,4135.0972,4129.2954,30.932,0.7491,139489031.0,196389059.715
000300.SH,20200108,4112.3172,4139.6315,4149.813,4101.9801,4160.2274,-47.9102,-1.1516,167585850.0,212406263.857
000300.SH,20200109,4164.3697,4145.5345,4165.6574,4143.592,4112.3172,52.0525,1.2658,136886324.0,200150352.942
000300.SH,20200110,4163.1849,4177.5777,4180.9771,4148.4817,4164.3697,-1.1848,-0.0285,113031719.0,177827413.709
000300.SH,20200113,4203.9883,4166.9254,4203.9883,4148.6007,4163.1849,40.8034,0.9801,119691982.0,199795489.709
000300.SH,20200114,4189.8862,4215.1578,4223.5078,4188.0809,4203.9883,-14.1021,-0.3354,129320783.0,196221263.396
000300.SH,20200115,4166.7344,4186.881,4193.8686,4150.8799,4189.8862,-23.1518,-0.5526,104633136.0,163081930.622
000300.SH,20200116,4149.0434,4174.8172,4175.2938,4142.1795,4166.7344,-17.691,-0.4246,100267642.0,156242505.812
000300.SH,20200117,4154.853,4162.1939,4177.0282,4141.6448,4149.0434,5.8096,0.14,98725682.0,166591591.594
000300.SH,20200120,4185.8304,4170.7365,4185.9629,4149.4879,4154.853,30.9774,0.7456,122409147.0,202692287.442
000300.SH,20200121,4114.3085,4165.0203,4165.0203,4113.3251,4185.8304,-71.5219,-1.7087,130527507.0,204586880.494
000300.SH,20200122,4131.9311,4093.8009,4141.1772,4046.4866,4114.3085,17.6226,0.4283,126758763.0,208136150.792
000300.SH,20200123,4003.9013,4093.3229,4103.5244,3972.3933,4131.9311,-128.0298,-3.0985,160357603.0,250409357.701
000300.SH,20200203,3688.3578,3639.9089,3732.1572,3639.9089,4003.9013,-315.5435,-7.8809,157559647.0,243303105.386
000300.SH,20200204,3785.6376,3652.0035,3786.8629,3652.0035,3688.3578,97.2798,2.6375,213933328.0,298165767.621
000300.SH,20200205,3828.5272,3801.099,3866.0108,3781.613,3785.6376,42.8896,1.133,174925524.0,264042920.866
000300.SH,20200206,3899.7751,3841.7537,3914.915,3806.9601,3828.5272,71.2479,1.861,176462235.0,262820088.452
000300.SH,20200207,3899.8693,3879.5531,3899.8837,3849.7127,3899.7751,0.0942,0.0024,151731759.0,237508816.256
000300.SH,20200210,3916.0052,3872.3738,3920.1667,3861.0066,3899.8693,16.1359,0.4138,148406969.0,229625441.896
000300.SH,20200211,3952.4643,3926.4204,3970.5221,3915.7077,3916.0052,36.4591,0.931,143441674.0,219307119.361
000300.SH,20200212,3984.4325,3945.6663,3984.4325,3940.6667,3952.4643,31.9682,0.8088,126710321.0,200776706.55
000300.SH,20200213,3959.9188,3985.8757,3999.5495,3950.1422,3984.4325,-24.5137,-0.6152,145001843.0,228605964.793
000300.SH,20200214,3987.7342,3954.234,4001.5627,3954.0233,3959.9188,27.8154,0.7024,143239803.0,222895073.625
000300.SH,20200217,4077.4241,3999.6511,4077.4464,3999.6511,3987.7342,89.6899,2.2491,182778969.0,273067817.278
000300.SH,20200218,4057.5108,4069.8315,4076.388,4027.7859,4077.4241,-19.9133,-0.4884,163236220.0,242552517.334
000300.SH,20200219,4051.3107,4049.5862,4085.1704,4042.8451,4057.5108,-6.2001,-0.1528,169046441.0,257554535.73
000300.SH,20200220,4144.6561,4062.8968,4148.5287,4055.8105,4051.3107,93.3454,2.3041,212232624.0,310835589.162
000300.SH,20200221,4149.4903,4134.8747,4184.4379,4130.1677,4144.6561,4.8342,0.1166,217213604.0,326564003.559
000300.SH,20200224,4132.8388,4131.8364,4149.0102,4097.1753,4149.4903,-16.6515,-0.4013,212869303.0,326387800.606
000300.SH,20200225,4123.8543,4066.302,4126.7075,4020.9075,4132.8388,-8.9845,-0.2174,244167831.0,372213717.03
000300.SH,20200226,4073.0152,4070.0994,4132.7817,4061.125,4123.8543,-50.8391,-1.2328,261094061.0,366022417.907
000300.SH,20200227,4084.8759,4084.0782,4110.5275,4067.4408,4073.0152,11.8607,0.2912,181290981.0,282050206.371
000300.SH,20200228,3940.0488,3988.7274,4031.1453,3928.0663,4084.8759,-144.8271,-3.5454,230275093.0,330358907.266
000300.SH,20200302,4069.6662,3968.8435,4092.5394,3968.8435,3940.0488,129.6174,3.2897,219313559.0,317426205.457
000300.SH,20200303,4091.3615,4125.1356,4147.6525,4067.9094,4069.6662,21.6953,0.5331,219369777.0,330802584.619
000300.SH,20200304,4115.0524,4078.4998,4115.2618,4060.729,4091.3615,23.6909,0.579,182424730.0,281784863.845
000300.SH,20200305,4206.7251,4150.21,4215.8513,4127.0386,4115.0524,91.6727,2.2277,231823115.0,362838831.776
000300.SH,20200306,4138.5072,4158.2021,4181.3102,4135.3901,4206.7251,-68.2179,-1.6216,172475717.0,253168631.959
000300.SH,20200309,3997.1325,4063.076,4063.076,3995.1313,4138.5072,-141.3747,-3.4161,208102035.0,305428730.304
000300.SH,20200310,4082.7315,3975.2288,4093.0024,3954.7506,3997.1325,85.599,2.1415,197416402.0,296184435.851
000300.SH,20200311,4028.4289,4090.9348,4091.2704,4028.3964,4082.7315,-54.3026,-1.3301,161656111.0,244990872.686
000300.SH,20200312,3950.9111,3976.1139,3987.4336,3926.2704,4028.4289,-77.5178,-1.9243,157060458.0,233152848.759
000300.SH,20200313,3895.3128,3771.0139,3937.1806,3765.1479,3950.9111,-55.5983,-1.4072,188296722.0,280213453.214
000300.SH,20200316,3727.8398,3899.8598,3899.8598,3720.5127,3895.3128,-167.473,-4.2993,185968260.0,282836238.271
000300.SH,20200317,3709.6822,3739.7833,3786.8908,3618.307,3727.8398,-18.1576,-0.4871,166246129.0,250824025.697
000300.SH,20200318,3636.2565,3729.6853,3775.8506,3636.2565,3709.6822,-73.4257,-1.9793,155037547.0,244127161.535
000300.SH,20200319,3589.0926,3623.789,3647.9874,3503.1866,3636.2565,-47.1639,-1.297,180807407.0,271827467.962
000300.SH,20200320,3653.2239,3629.5126,3663.9517,3588.7766,3589.0926,64.1313,1.7868,139603000.0,211223073.323
000300.SH,20200323,3530.3058,3542.6837,3585.8014,3523.7877,3653.2239,-122.9181,-3.3646,137108790.0,197669624.97
000300.SH,20200324,3625.1146,3598.6548,3627.7592,3545.4524,3530.3058,94.8088,2.6856,143103021.0,208553840.689
000300.SH,20200325,3722.5181,3711.4753,3732.6536,3685.9942,3625.1146,97.4035,2.6869,153495958.0,231561518.761
000300.SH,20200326,3698.0472,3692.6083,3736.2536,3681.2668,3722.5181,-24.4709,-0.6574,112310665.0,169336311.861
000300.SH,20200327,3710.0605,3746.3914,3758.7827,3709.9213,3698.0472,12.0133,0.3249,124060995.0,186103426.335
000300.SH,20200330,3674.1108,3657.4624,3690.6388,3637.5853,3710.0605,-35.9497,-0.969,126876673.0,180640799.409
000300.SH,20200331,3686.1551,3708.1404,3716.0707,3676.2024,3674.1108,12.0443,0.3278,111453025.0,161595510.008
000300.SH,20200401,3675.0758,3682.2966,3731.7799,3670.9653,3686.1551,-11.0793,-0.3006,119352620.0,170422568.804
000300.SH,20200402,3734.5306,3656.3225,3734.5306,3652.3167,3675.0758,59.4548,1.6178,115168209.0,168893255.657
000300.SH,20200403,3713.2183,3721.4815,3738.8323,3698.9822,3734.5306,-21.3123,-0.5707,99825083.0,150132815.029
000300.SH,20200407,3798.0214,3779.9076,3803.6286,3772.2054,3713.2183,84.8031,2.2838,142778030.0,207642820.317
000300.SH,20200408,3780.3445,3776.4171,3793.0023,3767.2924,3798.0214,-17.6769,-0.4654,111389513.0,161576772.32
000300.SH,20200409,3792.8105,3798.4879,3801.7245,3785.3116,3780.3445,12.466,0.3298,100485032.0,154595318.813
000300.SH,20200410,3769.1782,3794.8429,3824.7441,3758.9599,3792.8105,-23.6323,-0.6231,102444956.0,162251233.801
000300.SH,20200413,3753.2566,3751.7093,3769.8764,3740.1936,3769.1782,-15.9216,-0.4224,79053343.0,119874303.205
000300.SH,20200414,3825.6991,3777.8343,3825.7599,3764.9838,3753.2566,72.4425,1.9301,110637585.0,170612579.792
000300.SH,20200415,3797.3623,3820.8506,3829.8009,3793.4402,3825.6991,-28.3368,-0.7407,108461984.0,169700216.633
000300.SH,20200416,3802.3806,3777.7986,3807.3569,3774.5585,3797.3623,5.0183,0.1322,95947965.0,147164302.057
000300.SH,20200417,3839.4871,3831.9232,3863.4521,3821.4201,3802.3806,37.1065,0.9759,132004301.0,203595267.034
000300.SH,20200420,3853.4551,3845.4598,3853.7984,3831.553,3839.4871,13.968,0.3638,100013115.0,151924090.117
000300.SH,20200421,3808.0474,3838.2314,3838.2314,3779.9967,3853.4551,-45.4077,-1.1784,102921888.0,155077454.132
000300.SH,20200422,3839.3834,3789.1297,3839.3834,3782.2149,3808.0474,31.336,0.8229,85899464.0,135547280.79
000300.SH,20200423,3829.7525,3851.9132,3857.4709,3826.5565,3839.3834,-9.6309,-0.2508,95508450.0,142122548.832
000300.SH,20200424,3796.9721,3826.3116,3827.212,3787.0714,3829.7525,-32.7804,-0.8559,94844135.0,138961200.283
000300.SH,20200427,3822.769,3808.0171,3842.8706,3793.7655,3796.9721,25.7969,0.6794,95462735.0,145301151.875
000300.SH,20200428,3849.1465,3835.348,3859.6754,3768.2,3822.769,26.3775,0.69,122093476.0,184179759.24
000300.SH,20200429,3867.032,3837.5135,3880.7444,3833.7164,3849.1465,17.8855,0.4647,95854590.0,151282103.744
000300.SH,20200430,3912.5772,3880.4094,3921.7004,3880.4094,3867.032,45.5452,1.1778,132917125.0,202268288.802
000300.SH,20200506,3936.2539,3867.2587,3937.6909,3865.9875,3912.5772,23.6767,0.6051,139855675.0,214935962.364
000300.SH,20200507,3924.8946,3937.5918,3941.4833,3915.9048,3936.2539,-11.3593,-0.2886,105514646.0,167207801.84
000300.SH,20200508,3963.6217,3942.9972,3979.6627,3935.9805,3924.8946,38.7271,0.9867,116943341.0,190299584.717
000300.SH,20200511,3960.1803,3974.7605,3998.0972,3944.5037,3963.6217,-3.4414,-0.0868,122673803.0,193758093.9
000300.SH,20200512,3960.2378,3961.3427,3970.1115,3930.2108,3960.1803,0.0575,0.0015,98250554.0,157465780.06
000300.SH,20200513,3968.2529,3946.6428,3972.5254,3932.5711,3960.2378,8.0151,0.2024,88190669.0,145563383.276
000300.SH,20200514,3925.2177,3952.1986,3952.1986,3924.0452,3968.2529,-43.0352,-1.0845,88530004.0,143499177.72
000300.SH,20200515,3912.8159,3941.125,3945.1956,3907.4021,3925.2177,-12.4018,-0.316,92618382.0,153301505.149
000300.SH,20200518,3922.9117,3914.6602,3946.4312,3898.4041,3912.8159,10.0958,0.258,112801762.0,188528121.368
000300.SH,20200519,3956.2495,3963.7754,3966.8518,3944.0715,3922.9117,33.3378,0.8498,94015291.0,159886222.402
000300.SH,20200520,3935.222,3955.7145,3955.7145,3923.9213,3956.2495,-21.0275,-0.5315,100791150.0,157102533.276
000300.SH,20200521,3913.7949,3950.5981,3951.743,3907.5788,3935.222,-21.4271,-0.5445,94861033.0,149154142.258
000300.SH,20200522,3824.064,3907.5761,3907.5761,3818.1488,3913.7949,-89.7309,-2.2927,103378360.0,157286504.986
000300.SH,20200525,3829.3245,3828.3206,3835.6333,3800.1796,3824.064,5.2605,0.1376,79033326.0,127011917.716
000300.SH,20200526,3872.7701,3850.0009,3874.7484,3844.4776,3829.3245,43.4456,1.1345,77448076.0,125445619.317
000300.SH,20200527,3845.6135,3873.6984,3873.6984,3838.4247,3872.7701,-27.1566,-0.7012,83711831.0,123737501.165
000300.SH,20200528,3856.6324,3848.4892,3885.4211,3818.4318,3845.6135,11.0189,0.2865,93064054.0,139108407.792
000300.SH,20200529,3867.0232,3838.3769,3872.3031,3830.4185,3856.6324,10.3908,0.2694,93813832.0,135658136.028
000300.SH,20200601,3971.3402,3901.7263,3976.3151,3901.7263,3867.0232,104.317,2.6976,136456652.0,208436512.945
000300.SH,20200602,3983.5677,3969.9521,3991.7761,3958.9774,3971.3402,12.2275,0.3079,144303060.0,195563304.256
000300.SH,20200603,3983.6477,4001.1708,4018.6759,3982.9299,3983.5677,0.08,0.002,136597483.0,200882767.677
000300.SH,20200604,3982.1851,3998.1636,3999.8051,3968.5723,3983.6477,-1.4626,-0.0367,104277737.0,149057855.838
000300.SH,20200605,4001.2509,3988.2239,4001.2509,3967.926,3982.1851,19.0658,0.4788,102443942.0,154311342.982
000300.SH,20200608,4021.9549,4023.606,4050.2213,4016.1015,4001.2509,20.704,0.5174,137925813.0,193047518.688
000300.SH,20200609,4047.0293,4027.5613,4052.1557,4016.3387,4021.9549,25.0744,0.6234,115304479.0,166533966.01
000300.SH,20200610,4039.7051,4046.2317,4046.2317,4024.4185,4047.0293,-7.3242,-0.181,112265728.0,166778642.366
000300.SH,20200611,3995.8846,4031.7396,4043.0123,3979.7522,4039.7051,-43.8205,-1.0847,127308941.0,197079441.861
000300.SH,20200612,4003.0829,3931.6236,4011.0591,3927.2491,3995.8846,7.1983,0.1801,134166649.0,193504046.742
000300.SH,20200615,3954.9883,3982.9672,4007.1396,3954.9883,4003.0829,-48.0946,-1.2014,131297860.0,211125336.144
000300.SH,20200616,4014.5702,3995.5786,4014.5702,3987.8637,3954.9883,59.5819,1.5065,111051539.0,185104029.159
000300.SH,20200617,4017.5941,4018.6094,4018.6094,3992.1339,4014.5702,3.0239,0.0753,105605799.0,176977503.611
000300.SH,20200618,4044.3842,4009.7831,4047.5566,4000.9008,4017.5941,26.7901,0.6668,138148761.0,210192918.146
000300.SH,20200619,4098.7095,4047.0483,4109.3602,4043.4925,4044.3842,54.3253,1.3432,152946990.0,255549797.3
000300.SH,20200622,4102.0459,4097.5071,4126.9421,4088.7822,4098.7095,3.3364,0.0814,155829465.0,259200520.726
000300.SH,20200623,4121.7944,4098.0373,4124.725,4080.7533,4102.0459,19.7485,0.4814,129229510.0,234806510.835
000300.SH,20200624,4138.9895,4128.1003,4144.6782,4123.3582,4121.7944,17.1951,0.4172,121712465.0,224551430.008
000300.SH,20200629,4109.7164,4127.9348,4137.3696,4092.5352,4138.9895,-29.2731,-0.7073,130865854.0,226522059.763
000300.SH,20200630,4163.9637,4130.0028,4174.4236,4129.7754,4109.7164,54.2473,1.32,125933521.0,227935704.489
000300.SH,20200701,4247.7835,4172.6425,4247.7835,4163.4954,4163.9637,83.8198,2.013,169990456.0,305711799.762
000300.SH,20200702,4335.8445,4239.408,4340.1039,4238.1164,4247.7835,88.061,2.0731,252939368.0,399571526.695
000300.SH,20200703,4419.5955,4353.1937,4419.5955,4348.4535,4335.8445,83.751,1.9316,290485539.0,442335024.266
000300.SH,20200706,4670.0949,4465.8081,4678.1121,4465.8081,4419.5955,250.4994,5.6679,405821025.0,597438217.716
000300.SH,20200707,4698.1264,4739.6104,4796.3155,4688.0574,4670.0949,28.0315,0.6002,406008553.0,635254742.706
000300.SH,20200708,4774.0042,4692.8621,4803.3643,4670.6501,4698.1264,75.8778,1.6151,348074847.0,532849825.965
000300.SH,20200709,4840.7712,4770.0769,4854.1201,4757.2943,4774.0042,66.767,1.3986,351046893.0,556718732.099
000300.SH,20200710,4753.1333,4796.0873,4821.3745,4734.4725,4840.7712,-87.6379,-1.8104,316949651.0,510472055.096
000300.SH,20200713,4852.9612,4742.3738,4878.0773,4741.8743,4753.1333,99.8279,2.1003,321645446.0,541105098.721
000300.SH,20200714,4806.6902,4836.1655,4860.4404,4729.9258,4852.9612,-46.271,-0.9535,297241985.0,511211048.185
000300.SH,20200715,4744.4687,4821.5155,4837.4757,4723.3608,4806.6902,-62.2215,-1.2945,272389006.0,486748347.68
000300.SH,20200716,4516.2532,4741.5295,4772.5638,4513.6537,4744.4687,-228.2155,-4.8101,284657133.0,511237962.884
000300.SH,20200717,4544.7007,4524.7717,4601.3733,4485.8214,4516.2532,28.4475,0.6299,207375563.0,372973887.046
000300.SH,20200720,4680.3046,4597.2038,4681.9431,4534.2305,4544.7007,135.6039,2.9838,246068914.0,416714222.276
000300.SH,20200721,4691.0425,4697.5026,4714.2925,4661.444,4680.3046,10.7379,0.2294,200415659.0,356069805.763
000300.SH,20200722,4714.4454,4682.6575,4790.4491,4675.3488,4691.0425,23.4029,0.4989,224199211.0,386470859.914
000300.SH,20200723,4712.4357,4668.7401,4731.4004,4607.6585,4714.4454,-2.0097,-0.0426,234314569.0,405175268.661
000300.SH,20200724,4505.5906,4679.0273,4691.698,4479.3928,4712.4357,-206.8451,-4.3893,243905203.0,437726712.28
000300.SH,20200727,4528.45,4535.0053,4558.1189,4482.4408,4505.5906,22.8594,0.5074,171420551.0,301893370.163
000300.SH,20200728,4568.2576,4567.6691,4590.2496,4537.6849,4528.45,39.8076,0.8791,162768498.0,292835785.345
000300.SH,20200729,4679.008,4559.1634,4680.558,4548.8535,4568.2576,110.7504,2.4243,186695305.0,350432649.161
000300.SH,20200730,4656.1506,4689.7632,4704.6305,4649.7677,4679.008,-22.8574,-0.4885,166967566.0,324009242.692
000300.SH,20200731,4695.0462,4652.1824,4741.8084,4621.9635,4656.1506,38.8956,0.8354,184839026.0,351119312.415
000300.SH,20200803,4771.3108,4735.8985,4771.3694,4720.025,4695.0462,76.2646,1.6244,214776239.0,401914824.928
000300.SH,20200804,4775.8024,4778.4866,4807.0782,4747.7748,4771.3108,4.4916,0.0941,239974985.0,426411345.936
000300.SH,20200805,4777.1089,4761.7637,4786.7031,4711.2723,4775.8024,1.3065,0.0274,196700548.0,347407839.399
000300.SH,20200806,4762.7642,4779.2377,4791.8565,4691.1569,4777.1089,-14.3447,-0.3003,227854406.0,404323404.007
000300.SH,20200807,4707.9262,4742.2939,4749.0217,4637.8427,4762.7642,-54.838,-1.1514,213518216.0,397041212.825
000300.SH,20200810,4724.8697,4681.7553,4757.6634,4646.2885,4707.9262,16.9435,0.3599,203788832.0,371297560.018
000300.SH,20200811,4681.7837,4730.3748,4791.5337,4674.8642,4724.8697,-43.086,-0.9119,205546511.0,350828586.241
000300.SH,20200812,4647.6446,4668.8899,4681.6206,4566.2736,4681.7837,-34.1391,-0.7292,202887239.0,347298673.202
000300.SH,20200813,4635.7126,4666.4901,4671.7689,4626.1033,4647.6446,-11.932,-0.2567,152550092.0,250945872.579
000300.SH,20200814,4704.6288,4627.61,4708.0709,4617.632,4635.7126,68.9162,1.4866,147292921.0,254343934.256
000300.SH,20200817,4815.2261,4727.1204,4838.0864,4721.3589,4704.6288,110.5973,2.3508,268001556.0,416469154.934
000300.SH,20200818,4812.7564,4816.5703,4825.3861,4788.8293,4815.2261,-2.4697,-0.0513,189139854.0,314395904.536
000300.SH,20200819,4740.6784,4804.6655,4809.0499,4738.0086,4812.7564,-72.078,-1.4976,192442948.0,319403284.708
000300.SH,20200820,4679.1544,4708.1253,4721.4357,4662.8032,4740.6784,-61.524,-1.2978,158368639.0,260486563.515
000300.SH,20200821,4718.8431,4717.7874,4739.4836,4684.8101,4679.1544,39.6887,0.8482,142657864.0,251775160.234
000300.SH,20200824,4755.8491,4746.4035,4769.4673,4716.6054,4718.8431,37.006,0.7842,151143512.0,272428686.419
000300.SH,20200825,4761.9507,4769.2107,4802.4122,4746.313,4755.8491,6.1016,0.1283,141701351.0,262308788.275
000300.SH,20200826,4706.1302,4761.7186,4786.4249,4689.881,4761.9507,-55.8205,-1.1722,151305180.0,277456360.643
000300.SH,20200827,4731.3451,4718.062,4731.9351,4679.3623,4706.1302,25.2149,0.5358,119042850.0,223631511.406
000300.SH,20200828,4844.2652,4727.292,4850.4884,4719.3526,4731.3451,112.9201,2.3866,159399765.0,305047882.509
000300.SH,20200831,4816.2153,4870.9337,4901.2115,4816.2123,4844.2652,-28.0499,-0.579,202567029.0,357005064.605
000300.SH,20200901,4842.1223,4803.3922,4842.135,4791.7829,4816.2153,25.907,0.5379,138395402.0,262018070.577
000300.SH,20200902,4843.887,4859.0754,4863.5509,4797.5204,4842.1223,1.7647,0.0364,157989524.0,280778613.751
000300.SH,20200903,4817.0952,4841.502,4877.0117,4800.0577,4843.887,-26.7918,-0.5531,145671201.0,279411988.792
000300.SH,20200904,4770.219,4737.2368,4778.203,4726.5559,4817.0952,-46.8762,-0.9731,120032796.0,238463337.879
000300.SH,20200907,4669.3677,4759.5213,4789.3031,4655.56,4770.219,-100.8513,-2.1142,148607791.0,282316394.068
000300.SH,20200908,4694.3894,4683.8256,4707.8966,4639.0531,4669.3677,25.0217,0.5359,139199227.0,249198138.076
000300.SH,20200909,4584.5887,4634.247,4645.1972,4558.0304,4694.3894,-109.8007,-2.339,162277107.0,244905191.934
000300.SH,20200910,4581.9775,4632.0994,4647.7505,4572.2058,4584.5887,-2.6112,-0.057,150652878.0,226146354.805
000300.SH,20200911,4627.2826,4572.2572,4630.8842,4563.1061,4581.9775,45.3051,0.9888,115302424.0,198240927.302
000300.SH,20200914,4651.0507,4652.0539,4666.9862,4625.9877,4627.2826,23.7681,0.5137,107235179.0,211653411.811
000300.SH,20200915,4688.4826,4649.4472,4691.4997,4630.5374,4651.0507,37.4319,0.8048,101915925.0,194573684.119
000300.SH,20200916,4657.3584,4683.006,4690.6815,4638.4586,4688.4826,-31.1242,-0.6638,108753641.0,196120184.851
000300.SH,20200917,4632.7142,4642.0542,4664.9491,4601.639,4657.3584,-24.6442,-0.5291,105983631.0,214146647.27
000300.SH,20200918,4737.0887,4636.6422,4737.8039,4631.7045,4632.7142,104.3745,2.253,160426475.0,281885944.229
000300.SH,20200921,4691.4281,4750.7481,4752.9799,4688.7199,4737.0887,-45.6606,-0.9639,124535827.0,224137912.695
000300.SH,20200922,4635.7608,4654.2179,4706.2096,4622.1111,4691.4281,-55.6673,-1.1866,119672947.0,202909215.535
000300.SH,20200923,4652.3273,4639.6592,4665.96,4623.5528,4635.7608,16.5665,0.3574,95826528.0,190393472.276
000300.SH,20200924,4563.0657,4623.9535,4631.9482,4562.2086,4652.3273,-89.2616,-1.9186,112593683.0,193515873.7
000300.SH,20200925,4570.0216,4582.482,4599.5387,4554.7199,4563.0657,6.9559,0.1524,93015155.0,167457376.964
000300.SH,20200928,4581.9085,4582.6471,4613.6324,4571.1507,4570.0216,11.8869,0.2601,85048389.0,159314675.407
000300.SH,20200929,4591.7993,4608.2926,4616.6767,4586.3537,4581.9085,9.8908,0.2159,85993858.0,159937888.502
000300.SH,20200930,4587.3953,4607.5753,4634.7239,4563.4108,4591.7993,-4.404,-0.0959,89081200.0,165532220.885
000300.SH,20201009,4681.1412,4663.61,4695.4041,4655.0851,4587.3953,93.7459,2.0436,111337512.0,229926731.49
000300.SH,20201012,4823.1578,4705.1883,4823.2666,4704.1554,4681.1412,142.0166,3.0338,155784558.0,307848558.046
000300.SH,20201013,4839.201,4812.8989,4845.9191,4795.373,4823.1578,16.0432,0.3326,116516338.0,242172567.249
000300.SH,20201014,4807.1021,4830.4575,4830.4575,4795.9069,4839.201,-32.0989,-0.6633,111906923.0,229836207.248
000300.SH,20201015,4798.7361,4810.7821,4833.8925,4796.2647,4807.1021,-8.366,-0.174,109964962.0,213878285.047
000300.SH,20201016,4791.676,4798.9162,4825.5518,4765.967,4798.7361,-7.0601,-0.1471,116716102.0,204175130.718
000300.SH,20201019,4755.4879,4823.4944,4849.605,4747.3356,4791.676,-36.1881,-0.7552,129246361.0,225392198.225
000300.SH,20201020,4793.4672,4751.3694,4793.4672,4739.4583,4755.4879,37.9793,0.7986,98048156.0,185849198.018
000300.SH,20201021,4792.8284,4801.6313,4801.6313,4758.8552,4793.4672,-0.6388,-0.0133,103805703.0,189978697.044
000300.SH,20201022,4777.9845,4780.5954,4791.8078,4725.4993,4792.8284,-14.8439,-0.3097,101350891.0,194614971.17
000300.SH,20201023,4718.4881,4775.4665,4802.456,4717.0984,4777.9845,-59.4964,-1.2452,106825184.0,200985821.992
000300.SH,20201026,4691.2359,4684.0465,4713.3945,4639.3019,4718.4881,-27.2522,-0.5776,108343275.0,205518988.284
000300.SH,20201027,4699.2792,4680.1371,4708.4623,4671.8536,4691.2359,8.0433,0.1715,92656304.0,186675545.69
000300.SH,20201028,4737.2718,4703.0036,4753.3125,4685.6012,4699.2792,37.9926,0.8085,108463402.0,226754264.067
000300.SH,20201029,4772.9198,4683.607,4803.0317,4679.2529,4737.2718,35.648,0.7525,117117250.0,252303504.993
000300.SH,20201030,4695.3338,4776.4726,4778.5089,4683.4719,4772.9198,-77.586,-1.6255,139802303.0,280783321.713
000300.SH,20201102,4720.8313,4702.7457,4738.0239,4695.4436,4695.3338,25.4975,0.543,142867693.0,279027685.157
000300.SH,20201103,4777.5608,4743.1742,4793.3963,4734.1748,4720.8313,56.7295,1.2017,136055408.0,252390556.314
000300.SH,20201104,4813.6564,4781.448,4825.4638,4770.5582,4777.5608,36.0956,0.7555,114661806.0,230513773.046
000300.SH,20201105,4885.1118,4861.3377,4885.1118,4837.9996,4813.6564,71.4554,1.4844,139244594.0,281951932.371
000300.SH,20201106,4885.7178,4897.6295,4897.6295,4845.4293,4885.1118,0.606,0.0124,153639034.0,305365103.653
000300.SH,20201109,4981.3497,4918.8609,4997.8017,4918.8609,4885.7178,95.6319,1.9574,197131984.0,371923282.063
000300.SH,20201110,4953.8756,4995.4126,4995.4126,4928.9319,4981.3497,-27.4741,-0.5515,176267214.0,334271459.964
000300.SH,20201111,4904.8981,4937.7582,4957.5846,4901.7067,4953.8756,-48.9775,-0.9887,164470515.0,303858557.977
000300.SH,20201112,4908.463,4916.7736,4926.3422,4891.51,4904.8981,3.5649,0.0727,118114619.0,227645907.147
000300.SH,20201113,4856.8513,4886.9778,4886.9778,4825.7578,4908.463,-51.6117,-1.0515,133693079.0,255353111.738
000300.SH,20201116,4904.1716,4880.958,4904.1716,4848.6239,4856.8513,47.3203,0.9743,148770980.0,266705031.672
000300.SH,20201117,4894.786,4903.12,4909.2902,4865.3942,4904.1716,-9.3856,-0.1914,151487464.0,288911408.551
000300.SH,20201118,4891.6716,4889.6749,4911.0876,4870.7162,4894.786,-3.1144,-0.0636,164216616.0,290727223.227
000300.SH,20201119,4927.9891,4880.9224,4939.7911,4870.2005,4891.6716,36.3175,0.7424,133681378.0,247727135.001
000300.SH,20201120,4943.2882,4928.2223,4947.4297,4922.5895,4927.9891,15.2991,0.3105,129400341.0,229053679.195
000300.SH,20201123,5005.0273,4954.5987,5029.6515,4940.4494,4943.2882,61.7391,1.2489,205915187.0,333633826.417
000300.SH,20201124,4974.2855,4997.0485,5001.0614,4960.9817,5005.0273,-30.7418,-0.6142,156637911.0,264804443.318
000300.SH,20201125,4910.7,4992.7466,5004.7732,4910.7,4974.2855,-63.5855,-1.2783,170340527.0,277070642.971
000300.SH,20201126,4919.5912,4908.3208,4925.2857,4867.8153,4910.7,8.8912,0.1811,137202338.0,239748145.476
000300.SH,20201127,4980.765,4930.5928,4980.765,4917.3479,4919.5912,61.1738,1.2435,162952922.0,253178971.224
000300.SH,20201130,4960.2519,4994.1063,5055.192,4960.2519,4980.765,-20.5131,-0.4118,262638950.0,396495834.421
000300.SH,20201201,5067.0983,4963.1302,5072.5494,4963.1302,4960.2519,106.8464,2.1541,204065638.0,328451014.444
000300.SH,20201202,5067.1447,5072.9755,5090.6084,5043.3091,5067.0983,0.0464,0.0009,195435476.0,310609728.843
000300.SH,20201203,5057.0603,5065.4531,5072.3046,5033.7887,5067.1447,-10.0844,-0.199,177865748.0,275335207.429
000300.SH,20201204,5065.9163,5049.5231,5072.3865,5017.8506,5057.0603,8.856,0.1751,144347167.0,257798820.735
000300.SH,20201207,5022.2351,5065.7285,5067.8698,5014.609,5065.9163,-43.6812,-0.8623,139896217.0,264657773.933
000300.SH,20201208,5009.8786,5029.1063,5043.0605,4998.9218,5022.2351,-12.3565,-0.246,123073029.0,234880648.439
000300.SH,20201209,4942.6986,5022.3846,5033.6417,4942.5195,5009.8786,-67.18,-1.341,138916965.0,260772774.153
000300.SH,20201210,4940.5249,4931.2933,4962.7433,4919.7696,4942.6986,-2.1737,-0.044,125914270.0,229651278.357
000300.SH,20201211,4889.6292,4957.8236,4957.8236,4849.3547,4940.5249,-50.8957,-1.0302,159357697.0,275212730.07
000300.SH,20201214,4934.8352,4903.627,4937.2601,4887.6599,4889.6292,45.206,0.9245,120801552.0,247878279.711
000300.SH,20201215,4945.1,4931.6019,4954.1885,4904.7926,4934.8352,10.2648,0.208,118342633.0,248093390.249
000300.SH,20201216,4953.867,4957.2971,4968.8558,4938.1932,4945.1,8.767,0.1773,106778968.0,229696035.697
000300.SH,20201217,5017.4784,4960.729,5021.6171,4950.3713,4953.867,63.6114,1.2841,133385479.0,270180356.109
000300.SH,20201218,4999.9678,5014.3211,5027.4446,4979.0051,5017.4784,-17.5106,-0.349,128049618.0,258938551.536
000300.SH,20201221,5046.8396,4995.7622,5048.5074,4969.999,4999.9678,46.8718,0.9374,140811782.0,298204296.843
000300.SH,20201222,4964.7727,5034.9831,5055.1348,4960.9457,5046.8396,-82.0669,-1.6261,162344970.0,326758817.663
000300.SH,20201223,5007.1235,4977.2994,5028.4506,4968.1509,4964.7727,42.3508,0.853,140292819.0,308729037.474
000300.SH,20201224,5000.0154,5006.0051,5033.038,4979.2371,5007.1235,-7.1081,-0.142,114418667.0,246674476.189
000300.SH,20201225,5042.0137,4985.7695,5042.0978,4973.6812,5000.0154,41.9983,0.84,121006979.0,243992268.243
000300.SH,20201228,5064.4147,5042.9432,5089.3447,5037.8582,5042.0137,22.401,0.4443,136914407.0,281019254.171
000300.SH,20201229,5042.9361,5071.449,5077.4167,5034.3078,5064.4147,-21.4786,-0.4241,141198662.0,279035233.254
000300.SH,20201230,5113.7105,5037.9848,5113.7105,5036.6288,5042.9361,70.7744,1.4034,148626448.0,296577812.603
000300.SH,20201231,5211.2885,5122.4799,5215.6178,5122.4799,5113.7105,97.578,1.9082,171602509.0,358731371.835
000300.SH,20210104,5267.7181,5212.9313,5284.4343,5190.9372,5211.2885,56.4296,1.0828,211711382.0,452796175.554
000300.SH,20210105,5368.5049,5245.8355,5368.5049,5234.3775,5267.7181,100.7868,1.9133,224931159.0,498041939.761
000300.SH,20210106,5417.6677,5386.5144,5433.4694,5341.4304,5368.5049,49.1628,0.9158,193773444.0,444434377.137
000300.SH,20210107,5513.6568,5428.3944,5513.6568,5413.3526,5417.6677,95.9891,1.7718,219872080.0,473385353.696
000300.SH,20210108,5495.4306,5526.2876,5547.4733,5442.6939,5513.6568,-18.2262,-0.3306,204324956.0,473567653.979
000300.SH,20210111,5441.1583,5504.2358,5555.6916,5412.5046,5495.4306,-54.2723,-0.9876,231835983.0,522298482.544
000300.SH,20210112,5596.3525,5419.4996,5596.3525,5417.6272,5441.1583,155.1942,2.8522,224220186.0,486233760.74
000300.SH,20210113,5577.9711,5609.2637,5644.7195,5535.1435,5596.3525,-18.3814,-0.3285,261569886.0,546959736.366
000300.SH,20210114,5470.4563,5556.2125,5568.0179,5458.6818,5577.9711,-107.5148,-1.9275,243683380.0,501890111.879
000300.SH,20210115,5458.0812,5471.391,5500.6348,5390.2737,5470.4563,-12.3751,-0.2262,238637435.0,475709920.372
000300.SH,20210118,5518.5205,5438.1618,5541.4613,5410.775,5458.0812,60.4393,1.1073,207051869.0,422717209.153
000300.SH,20210119,5437.5234,5525.969,5532.4793,5415.7166,5518.5205,-80.9971,-1.4677,211043425.0,433205176.45
000300.SH,20210120,5476.4336,5439.9111,5496.0493,5426.5357,5437.5234,38.9102,0.7156,170913260.0,373770384.496
000300.SH,20210121,5564.9693,5492.9587,5593.1058,5490.5626,5476.4336,88.5357,1.6167,209950197.0,453183684.479
000300.SH,20210122,5569.776,5562.379,5573.6594,5513.8769,5564.9693,4.8067,0.0864,199300020.0,456622193.436
000300.SH,20210125,5625.9232,5564.1237,5655.4795,5543.2663,5569.776,56.1472,1.0081,197047019.0,508166980.802
000300.SH,20210126,5512.9678,5600.9017,5600.9017,5505.9962,5625.9232,-112.9554,-2.0078,171904590.0,415008069.865
000300.SH,20210127,5528.0034,5505.7708,5534.9928,5449.6385,5512.9678,15.0356,0.2727,160190841.0,376892605.839
000300.SH,20210128,5377.1427,5450.3695,5462.2352,5360.3766,5528.0034,-150.8607,-2.729,170485585.0,376166523.178
000300.SH,20210129,5351.9646,5413.9684,5430.2015,5288.0955,5377.1427,-25.1781,-0.4682,182178784.0,390287690.019
000300.SH,20210201,5417.6484,5356.8535,5422.299,5342.0458,5351.9646,65.6838,1.2273,166313706.0,346859083.73
000300.SH,20210202,5501.0915,5429.7032,5503.2145,5411.5173,5417.6484,83.4431,1.5402,165210565.0,380016716.112
000300.SH,20210203,5485.2008,5499.2961,5532.8864,5473.1237,5501.0915,-15.8907,-0.2889,188054317.0,404343602.638
000300.SH,20210204,5473.9475,5453.9764,5510.0535,5411.5749,5485.2008,-11.2533,-0.2052,180575654.0,397995205.38
000300.SH,20210205,5483.414,5494.7011,5550.7714,5477.6517,5473.9475,9.4665,0.1729,189699598.0,395400134.49
000300.SH,20210208,5564.5618,5506.1423,5576.4908,5479.8529,5483.414,81.1478,1.4799,164033775.0,367582771.659
000300.SH,20210209,5686.2502,5584.165,5686.2502,5555.0537,5564.5618,121.6884,2.1868,164887260.0,378769121.172
000300.SH,20210210,5807.7191,5709.684,5823.4219,5707.3295,5686.2502,121.4689,2.1362,170169786.0,417056463.361
000300.SH,20210218,5768.3814,5922.0714,5930.9122,5747.6631,5807.7191,-39.3377,-0.6773,218848686.0,507481235.978
000300.SH,20210219,5778.842,5734.0193,5787.8871,5667.3209,5768.3814,10.4606,0.1813,214475780.0,456433793.702
000300.SH,20210222,5597.3327,5785.5097,5785.5097,5597.3327,5778.842,-181.5093,-3.1409,282124382.0,543633153.217
000300.SH,20210223,5579.6681,5542.6841,5644.7551,5541.1092,5597.3327,-17.6646,-0.3156,233807727.0,424904470.814
000300.SH,20210224,5437.5683,5591.4795,5598.8284,5379.7278,5579.6681,-142.0998,-2.5467,225428610.0,472369211.004
000300.SH,20210225,5469.5584,5494.4706,5527.6296,5444.1646,5437.5683,31.9901,0.5883,230736028.0,412206157.141
000300.SH,20210226,5336.7609,5343.9041,5416.3197,5318.8579,5469.5584,-132.7975,-2.4279,212264543.0,405717700.128
000300.SH,20210301,5418.7837,5389.2499,5421.555,5345.9449,5336.7609,82.0228,1.5369,177463523.0,358146545.967
000300.SH,20210302,5349.6301,5453.2847,5454.9687,5305.0545,5418.7837,-69.1536,-1.2762,196511115.0,376444604.695
000300.SH,20210303,5452.2125,5327.3467,5452.396,5316.4809,5349.6301,102.5824,1.9176,194709054.0,337610313.596
000300.SH,20210304,5280.7058,5388.4785,5392.3725,5254.7771,5452.2125,-171.5067,-3.1456,212775211.0,384382456.961
000300.SH,20210305,5262.7958,5191.9699,5307.8203,5174.2458,5280.7058,-17.91,-0.3392,202627956.0,352539774.295
000300.SH,20210308,5080.0246,5299.7907,5326.2602,5079.7984,5262.7958,-182.7712,-3.4729,230231635.0,407133802.142
000300.SH,20210309,4970.9994,5066.1546,5094.311,4917.909,5080.0246,-109.0252,-2.1462,230711004.0,414415213.806
000300.SH,20210310,5003.6121,5047.0589,5055.2785,4981.6161,4970.9994,32.6127,0.6561,169928490.0,309577408.715
000300.SH,20210311,5128.2156,5024.5586,5138.4146,5020.5784,5003.6121,124.6035,2.4903,189600766.0,333859199.679
000300.SH,20210312,5146.3786,5153.674,5153.674,5086.8234,5128.2156,18.163,0.3542,201020589.0,323237751.413
000300.SH,20210315,5035.5441,5116.1228,5120.8757,4992.3989,5146.3786,-110.8345,-2.1536,204153084.0,330740513.808
000300.SH,20210316,5079.3624,5054.4089,5084.3085,5009.951,5035.5441,43.8183,0.8702,161390054.0,271755048.564
000300.SH,20210317,5100.8581,5062.7706,5123.5452,5020.1255,5079.3624,21.4957,0.4232,149162376.0,263492417.709
000300.SH,20210318,5141.7681,5114.5872,5160.4566,5111.1294,5100.8581,40.91,0.802,142901518.0,260930046.845
000300.SH,20210319,5007.0907,5068.5319,5089.9175,4980.7609,5141.7681,-134.6774,-2.6193,164174849.0,282974489.237
000300.SH,20210322,5057.152,5008.3953,5071.3378,4996.541,5007.0907,50.0613,0.9998,167402632.0,264209098.943
000300.SH,20210323,5009.2459,5057.0632,5064.02,4966.534,5057.152,-47.9061,-0.9473,158013967.0,255755377.66
000300.SH,20210324,4928.6853,4985.4013,5024.3274,4919.8932,5009.2459,-80.5606,-1.6082,159385982.0,265970020.152
000300.SH,20210325,4926.3469,4904.0683,4950.7608,4883.6615,4928.6853,-2.3384,-0.0474,132945189.0,219782049.462
000300.SH,20210326,5037.9899,4953.9453,5050.8292,4953.9453,4926.3469,111.643,2.2662,145926697.0,273901922.431
000300.SH,20210329,5046.8773,5052.2634,5086.6543,5010.3902,5037.9899,8.8874,0.1764,143388215.0,266176599.971
000300.SH,20210330,5094.7291,5043.0952,5106.0365,5032.795,5046.8773,47.8518,0.9481,138618560.0,254928014.461
000300.SH,20210331,5048.3607,5085.9497,5085.9497,5015.607,5094.7291,-46.3684,-0.9101,141335743.0,241058485.554
000300.SH,20210401,5110.7768,5059.9359,5115.4286,5056.8718,5048.3607,62.4161,1.2364,120324890.0,211493324.391
000300.SH,20210402,5161.5569,5129.8545,5169.8312,5116.3472,5110.7768,50.7801,0.9936,127002254.0,248060376.224
000300.SH,20210406,5140.3418,5178.6401,5181.149,5125.3301,5161.5569,-21.2151,-0.411,109834210.0,213852444.065
000300.SH,20210407,5103.7428,5141.6556,5141.6556,5065.1932,5140.3418,-36.599,-0.712,145763748.0,246271190.297
000300.SH,20210408,5112.2086,5078.2627,5129.1318,5062.0725,5103.7428,8.4658,0.1659,141771047.0,228422004.675
000300.SH,20210409,5035.3374,5100.0422,5100.0422,5022.0926,5112.2086,-76.8712,-1.5037,128416509.0,221519791.678
000300.SH,20210412,4947.7459,5026.9791,5045.6018,4933.0126,5035.3374,-87.5915,-1.7395,152644314.0,267218195.773
000300.SH,20210413,4939.6438,4949.8074,4994.5404,4924.1979,4947.7459,-8.1021,-0.1638,132919358.0,225753230.649
000300.SH,20210414,4980.6279,4945.6857,4987.1191,4940.2686,4939.6438,40.9841,0.8297,120860838.0,221036276.09
000300.SH,20210415,4948.9741,4969.9099,4969.9099,4900.3033,4980.6279,-31.6538,-0.6355,108829384.0,213820884.104
000300.SH,20210416,4966.1811,4966.8999,4979.1731,4917.9596,4948.9741,17.207,0.3477,111239924.0,213389173.714
000300.SH,20210419,5087.0165,4966.409,5088.2106,4940.7473,4966.1811,120.8354,2.4332,154769824.0,307899776.738
000300.SH,20210420,5083.3654,5065.7757,5119.8586,5058.9247,5087.0165,-3.6511,-0.0718,136541700.0,276640588.159
000300.SH,20210421,5098.7449,5055.2398,5110.5623,5047.9916,5083.3654,15.3795,0.3025,124637277.0,242574995.256
000300.SH,20210422,5089.2435,5114.2799,5119.2246,5067.1382,5098.7449,-9.5014,-0.1863,121167645.0,241488845.756
000300.SH,20210423,5135.4534,5088.8263,5149.9825,5086.4914,5089.2435,46.2099,0.908,122056991.0,264345183.119
000300.SH,20210426,5077.2372,5156.5941,5181.1066,5072.9585,5135.4534,-58.2162,-1.1336,151381967.0,325760384.278
000300.SH,20210427,5090.5195,5076.6415,5095.9842,5042.6099,5077.2372,13.2823,0.2616,123961837.0,254738009.834
000300.SH,20210428,5119.2421,5073.9728,5119.4455,5059.2628,5090.5195,28.7226,0.5642,120620318.0,272182521.893
000300.SH,20210429,5164.1692,5128.2795,5170.5852,5113.6484,5119.2421,44.9271,0.8776,140092480.0,294112454.366
000300.SH,20210430,5123.489,5156.3557,5163.2517,5094.9285,5164.1692,-40.6802,-0.7877,160121621.0,315075102.885
000300.SH,20210506,5061.1244,5098.8006,5132.8986,5037.4083,5123.489,-62.3646,-1.2172,158822630.0,323258264.642
000300.SH,20210507,4996.0527,5073.4554,5093.7471,4996.037,5061.1244,-65.0717,-1.2857,172258321.0,304638402.155
000300.SH,20210510,4992.422,5001.4371,5019.3927,4953.6965,4996.0527,-3.6307,-0.0727,170820585.0,282656808.853
000300.SH,20210511,5023.0595,4956.0794,5033.4938,4925.9152,4992.422,30.6375,0.6137,151526497.0,270931616.513
000300.SH,20210512,5044.5481,5003.8171,5051.1682,4995.4048,5023.0595,21.4886,0.4278,126619086.0,228344006.493
000300.SH,20210513,4992.9738,4992.3519,5022.0836,4975.4462,5044.5481,-51.5743,-1.0224,132279406.0,237821404.345
000300.SH,20210514,5110.5901,5007.6286,5112.9838,4981.2948,4992.9738,117.6163,2.3556,159426180.0,318802786.823
000300.SH,20210517,5184.9853,5115.3063,5206.6947,5115.3063,5110.5901,74.3952,1.4557,153889634.0,335439913.424
000300.SH,20210518,5187.6013,5190.9345,5201.6721,5156.7924,5184.9853,2.616,0.0505,118404261.0,238182265.922
000300.SH,20210519,5172.272,5173.1666,5193.5574,5151.6392,5187.6013,-15.3293,-0.2955,118729983.0,250736278.156
000300.SH,20210520,5186.412,5167.0546,5201.5935,5152.0358,5172.272,14.14,0.2734,138454775.0,277088462.047
000300.SH,20210521,5134.1483,5199.1285,5216.1615,5123.1171,5186.412,-52.2637,-1.0077,124768485.0,268053627.531
000300.SH,20210524,5155.5875,5138.8149,5155.5875,5092.3894,5134.1483,21.4392,0.4176,126742336.0,278513133.226
000300.SH,20210525,5318.478,5165.0361,5324.3609,5161.5238,5155.5875,162.8905,3.1595,182996839.0,404683305.641
000300.SH,20210526,5320.5927,5326.1169,5344.2837,5308.7389,5318.478,2.1147,0.0398,169607096.0,346444644.793
000300.SH,20210527,5338.2329,5311.3726,5378.4764,5286.05,5320.5927,17.6402,0.3315,148462855.0,311893705.935
000300.SH,20210528,5321.0886,5338.7278,5360.2774,5288.6515,5338.2329,-17.1443,-0.3212,164605806.0,330711896.344
000300.SH,20210531,5331.5696,5318.0825,5331.6294,5281.6851,5321.0886,10.481,0.197,144603269.0,321450798.234
000300.SH,20210601,5341.6798,5320.4745,5343.7529,5269.259,5331.5696,10.1102,0.1896,143831474.0,321845842.153
000300.SH,20210602,5289.9736,5348.344,5352.6404,5266.7852,5341.6798,-51.7062,-0.968,137754319.0,296176177.154
000300.SH,20210603,5255.2855,5285.7098,5314.3691,5255.0719,5289.9736,-34.6881,-0.6557,141968878.0,285448632.489
000300.SH,20210604,5282.2772,5228.2761,5334.4899,5221.2291,5255.2855,26.9917,0.5136,144732087.0,292326048.776
000300.SH,20210607,5277.6271,5284.8907,5286.8424,5242.9481,5282.2772,-4.6501,-0.088,127704971.0,280463260.583
000300.SH,20210608,5232.1165,5276.9711,5319.0406,5201.1404,5277.6271,-45.5106,-0.8623,130559532.0,304042218.266
000300.SH,20210609,5236.4493,5224.9496,5253.3555,5215.3506,5232.1165,4.3328,0.0828,121820321.0,255075448.703
000300.SH,20210610,5271.4661,5236.4691,5299.5299,5229.5182,5236.4493,35.0168,0.6687,138991967.0,301454334.61
000300.SH,20210611,5224.703,5275.7456,5276.1039,5213.5991,5271.4661,-46.7631,-0.8871,180807173.0,365363494.542
000300.SH,20210615,5166.5597,5218.5648,5225.5021,5137.409,5224.703,-58.1433,-1.1129,142880058.0,330616618.622
000300.SH,20210616,5080.4909,5163.2493,5164.5192,5076.0222,5166.5597,-86.0688,-1.6659,125147985.0,298286772.933
000300.SH,20210617,5101.8924,5074.3839,5123.3651,5073.8211,5080.4909,21.4015,0.4212,120452518.0,281927280.723
000300.SH,20210618,5102.4657,5104.9297,5128.0309,5064.9208,5101.8924,0.5733,0.0112,148585805.0,356697096.116
000300.SH,20210621,5090.3854,5088.0893,5123.7827,5058.5699,5102.4657,-12.0803,-0.2368,132184516.0,331527114.639
000300.SH,20210622,5122.1583,5106.0743,5125.8186,5086.2776,5090.3854,31.7729,0.6242,130416753.0,313690367.125
000300.SH,20210623,5147.3938,5127.191,5171.033,5109.7571,5122.1583,25.2355,0.4927,136356058.0,358765666.33
000300.SH,20210624,5155.9738,5156.5638,5160.4346,5120.5844,5147.3938,8.58,0.1667,126685625.0,312607422.609
000300.SH,20210625,5239.9684,5159.8017,5251.6076,5157.4758,5155.9738,83.9946,1.6291,154931061.0,368265641.241
000300.SH,20210628,5251.7604,5253.6081,5260.6372,5226.2201,5239.9684,11.792,0.225,133193783.0,337452771.676
000300.SH,20210629,5190.5445,5248.5249,5248.5249,5182.6771,5251.7604,-61.2159,-1.1656,125162997.0,314896843.024
000300.SH,20210630,5224.041,5189.3797,5231.4262,5186.625,5190.5445,33.4965,0.6453,103752671.0,281015504.941
000300.SH,20210701,5229.6642,5241.2039,5252.2642,5190.8762,5224.041,5.6232,0.1076,127240620.0,324097400.268
000300.SH,20210702,5081.1172,5186.6613,5186.6613,5074.3621,5229.6642,-148.547,-2.8405,130426424.0,342578961.248
000300.SH,20210705,5085.7924,5073.7787,5098.2305,5048.004,5081.1172,4.6752,0.092,131211589.0,335197786.63
000300.SH,20210706,5083.1043,5089.778,5092.2066,5028.5058,5085.7924,-2.6881,-0.0529,140655220.0,362828901.849
000300.SH,20210707,5140.4899,5052.4204,5152.7711,5045.4056,5083.1043,57.3856,1.1289,148549060.0,336731403.376
000300.SH,20210708,5088.2566,5149.3095,5151.2171,5078.9295,5140.4899,-52.2333,-1.0161,173901008.0,397879869.88
000300.SH,20210709,5069.4361,5063.148,5081.4086,5006.4115,5088.2566,-18.8205,-0.3699,160653226.0,352845583.769
000300.SH,20210712,5132.7088,5108.3783,5159.4115,5070.3188,5069.4361,63.2727,1.2481,206212039.0,437203145.943
000300.SH,20210713,5142.0991,5128.6138,5154.0508,5114.943,5132.7088,9.3903,0.183,166482209.0,361328491.653
000300.SH,20210714,5083.0849,5130.7522,5130.7522,5075.1252,5142.0991,-59.0142,-1.1477,188352720.0,372568110.292
000300.SH,20210715,5151.4626,5073.2634,5153.8056,5067.6767,5083.0849,68.3777,1.3452,181077103.0,372484081.123
000300.SH,20210716,5094.7727,5140.904,5140.904,5090.6321,5151.4626,-56.6899,-1.1005,169955982.0,362594258.079
000300.SH,20210719,5113.4945,5083.7276,5120.8235,5047.6234,5094.7727,18.7218,0.3675,153199589.0,340322623.792
000300.SH,20210720,5108.9941,5080.2158,5114.0033,5067.8619,5113.4945,-4.5004,-0.088,129300044.0,283543130.755
000300.SH,20210721,5144.0428,5122.7843,5160.5447,5122.3046,5108.9941,35.0487,0.686,167976469.0,390275519.305
000300.SH,20210722,5151.7517,5150.3859,5171.2096,5137.8795,5144.0428,7.7089,0.1499,185556864.0,418221654.806
000300.SH,20210723,5089.2282,5145.4308,5145.4308,5079.9973,5151.7517,-62.5235,-1.2136,216536847.0,435521169.695
000300.SH,20210726,4925.299,5067.3072,5067.3072,4859.6031,5089.2282,-163.9292,-3.2211,228111710.0,495153655.117
000300.SH,20210727,4751.313,4924.2816,4940.86,4749.0327,4925.299,-173.986,-3.5325,236631225.0,521146117.041
000300.SH,20210728,4760.4826,4714.2948,4785.6567,4663.9009,4751.313,9.1696,0.193,192634393.0,419706155.163
000300.SH,20210729,4850.2746,4845.7603,4857.9709,4800.0125,4760.4826,89.792,1.8862,173322054.0,415676120.878
000300.SH,20210730,4811.1695,4825.7002,4825.7002,4761.0376,4850.2746,-39.1051,-0.8062,182349776.0,420943935.062
000300.SH,20210802,4933.736,4794.8192,4938.8154,4761.4593,4811.1695,122.5665,2.5475,227194918.0,524659449.296
000300.SH,20210803,4934.4583,4909.2325,4957.0291,4890.8495,4933.736,0.7223,0.0146,203533360.0,471194128.402
000300.SH,20210804,4978.8479,4927.7358,4979.2911,4919.6569,4934.4583,44.3896,0.8996,175466461.0,425801406.612
000300.SH,20210805,4948.6703,4946.1668,4997.1397,4921.9382,4978.8479,-30.1776,-0.6061,167381829.0,398772206.808
000300.SH,20210806,4921.5647,4943.0427,4944.3486,4891.7968,4948.6703,-27.1056,-0.5477,154179688.0,371773603.785
000300.SH,20210809,4985.5627,4890.2573,5002.8944,4884.0392,4921.5647,63.998,1.3004,182436871.0,408897062.935
000300.SH,20210810,5043.148,4977.8164,5043.7608,4941.2399,4985.5627,57.5853,1.155,167051902.0,410098755.61
000300.SH,20210811,5015.3406,5037.0819,5059.7887,5009.9782,5043.148,-27.8074,-0.5514,182266074.0,373386347.207
000300.SH,20210812,4973.3509,4998.0733,5016.2628,4962.985,5015.3406,-41.9897,-0.8372,168223733.0,361828381.964
000300.SH,20210813,4945.9829,4958.7577,4993.7432,4921.2812,4973.3509,-27.368,-0.5503,158314321.0,352459069.036
000300.SH,20210816,4941.0676,4935.9229,4973.3761,4931.3691,4945.9829,-4.9153,-0.0994,161953373.0,340735120.175
000300.SH,20210817,4837.4034,4935.0044,4967.5648,4823.3923,4941.0676,-103.6642,-2.098,187573472.0,388457131.504
000300.SH,20210818,4894.2384,4838.4706,4909.5409,4818.9013,4837.4034,56.835,1.1749,197474378.0,395792165.76
000300.SH,20210819,4862.1394,4886.564,4893.467,4839.5681,4894.2384,-32.099,-0.6559,201711719.0,397424964.846
000300.SH,20210820,4769.2678,4817.4937,4835.153,4720.8257,4862.1394,-92.8716,-1.9101,177635810.0,404938035.667
000300.SH,20210823,4835.8782,4777.7347,4843.8193,4764.0089,4769.2678,66.6104,1.3967,167579093.0,389599126.282
000300.SH,20210824,4888.3902,4844.5925,4906.2036,4842.7476,4835.8782,52.512,1.0859,197883163.0,417481426.158
000300.SH,20210825,4898.1572,4890.5211,4899.7651,4865.7646,4888.3902,9.767,0.1998,189448016.0,371868197.459
000300.SH,20210826,4801.6094,4892.2044,4892.2044,4798.6954,4898.1572,-96.5478,-1.9711,197617387.0,368987718.506
000300.SH,20210827,4827.0433,4794.974,4863.4692,4793.5908,4801.6094,25.4339,0.5297,183310211.0,368421410.281
000300.SH,20210830,4813.2703,4847.0348,4849.1598,4787.1999,4827.0433,-13.773,-0.2853,219635757.0,477182071.72
000300.SH,20210831,4805.6099,4803.0854,4821.7564,4740.7524,4813.2703,-7.6604,-0.1592,235118658.0,460805653.996
000300.SH,20210901,4869.4587,4804.6863,4906.4024,4763.2992,4805.6099,63.8488,1.3286,326721080.0,568819748.406
000300.SH,20210902,4869.4113,4865.8218,4892.7049,4845.6246,4869.4587,-0.0474,-0.001,267858013.0,465954132.797
000300.SH,20210903,4843.0624,4875.0656,4886.5477,4828.6991,4869.4113,-26.3489,-0.5411,268091896.0,466430119.7
000300.SH,20210906,4933.7262,4841.0623,4944.4497,4837.7859,4843.0624,90.6638,1.872,240507245.0,452756275.292
000300.SH,20210907,4992.8294,4932.9759,5005.9606,4915.6119,4933.7262,59.1032,1.1979,244178519.0,417759639.121
000300.SH,20210908,4972.1324,4986.7953,5013.9764,4955.8876,4992.8294,-20.697,-0.4145,264615315.0,428591077.708
000300.SH,20210909,4970.0133,4952.4924,4970.147,4929.9501,4972.1324,-2.1191,-0.0426,256530217.0,401675689.276
000300.SH,20210910,5013.5219,4967.9759,5042.7994,4962.3707,4970.0133,43.5086,0.8754,288304352.0,472762533.239
000300.SH,20210913,4991.6598,5006.7748,5029.7237,4964.9599,5013.5219,-21.8621,-0.4361,249915298.0,433329627.421
000300.SH,20210914,4917.1617,4989.8348,5000.9772,4907.3159,4991.6598,-74.4981,-1.4925,245590402.0,417245830.782
000300.SH,20210915,4867.3187,4903.8471,4903.8471,4843.1158,4917.1617,-49.843,-1.0137,187984730.0,363256653.878
000300.SH,20210916,4807.6978,4866.7936,4879.5306,4806.1442,4867.3187,-59.6209,-1.2249,216752099.0,393517267.166
000300.SH,20210917,4855.9402,4797.1129,4857.958,4786.0876,4807.6978,48.2424,1.0034,201958127.0,360397420.087
000300.SH,20210922,4821.7675,4770.7323,4830.8496,4765.2301,4855.9402,-34.1727,-0.7037,191220376.0,311952989.432
000300.SH,20210923,4853.1957,4848.2223,4877.3359,4837.5571,4821.7675,31.4282,0.6518,228151064.0,362140919.563
000300.SH,20210924,4849.4277,4845.638,4897.0596,4838.5352,4853.1957,-3.768,-0.0776,207693290.0,361849453.197
000300.SH,20210927,4877.3698,4870.8482,4922.5626,4852.1997,4849.4277,27.9421,0.5762,215967030.0,426083025.418
000300.SH,20210928,4883.828,4869.0845,4901.3114,4846.6306,4877.3698,6.4582,0.1324,176890880.0,321272191.534
000300.SH,20210929,4833.9281,4846.0212,4868.0678,4799.877,4883.828,-49.8999,-1.0217,188171366.0,331841767.749
000300.SH,20210930,4866.3826,4843.9531,4876.0728,4843.9531,4833.9281,32.4545,0.6714,146113896.0,283254685.232
000300.SH,20211008,4929.9409,4915.7305,4937.0918,4891.6249,4866.3826,63.5583,1.3061,168968077.0,343635835.306
000300.SH,20211011,4936.1918,4941.2918,4983.7294,4930.7132,4929.9409,6.2509,0.1268,163511624.0,315186321.382
000300.SH,20211012,4883.8369,4920.6596,4925.4883,4840.77,4936.1918,-52.3549,-1.0606,168079337.0,299424238.601
000300.SH,20211013,4940.1089,4880.144,4953.3749,4869.8307,4883.8369,56.272,1.1522,131142813.0,280044666.628
000300.SH,20211014,4913.6123,4934.2575,4953.9231,4903.2498,4940.1089,-26.4966,-0.5364,119557013.0,249151666.554
000300.SH,20211015,4932.1084,4896.5578,4939.8153,4881.0136,4913.6123,18.4961,0.3764,142822001.0,300728491.201
000300.SH,20211018,4874.7753,4922.5137,4922.5137,4844.9383,4932.1084,-57.3331,-1.1624,141245199.0,302539444.437
000300.SH,20211019,4922.7232,4869.3907,4928.1433,4868.8106,4874.7753,47.9479,0.9836,135266493.0,282928243.807
000300.SH,20211020,4910.1846,4926.7727,4944.0216,4898.3651,4922.7232,-12.5386,-0.2547,141533183.0,279747732.455
000300.SH,20211021,4928.0156,4914.7378,4946.1764,4893.8525,4910.1846,17.831,0.3631,148898154.0,274802962.495
000300.SH,20211022,4959.7254,4934.8698,4989.887,4934.8698,4928.0156,31.7098,0.6435,143926228.0,289252612.2
000300.SH,20211025,4979.5235,4940.8962,4981.6499,4930.112,4959.7254,19.7981,0.3992,141861490.0,299408232.158
000300.SH,20211026,4963.0984,4983.2383,5002.5746,4953.4787,4979.5235,-16.4251,-0.3299,140888943.0,301786229.74
000300.SH,20211027,4898.1644,4949.2269,4949.2269,4884.9418,4963.0984,-64.934,-1.3083,147111593.0,299460469.415
000300.SH,20211028,4864.138,4882.5858,4898.6576,4846.2779,4898.1644,-34.0264,-0.6947,156649472.0,316631709.566
000300.SH,20211029,4908.7701,4861.2667,4908.7701,4855.7593,4864.138,44.6321,0.9176,159887353.0,368731987.31
000300.SH,20211101,4890.6851,4878.1276,4908.2056,4858.2485,4908.7701,-18.085,-0.3684,171583974.0,379730767.559
000300.SH,20211102,4839.8457,4886.1849,4911.2266,4797.899,4890.6851,-50.8394,-1.0395,185437688.0,385731879.818
000300.SH,20211103,4821.1119,4835.8093,4858.7133,4804.3657,4839.8457,-18.7338,-0.3871,142763820.0,302269934.656
000300.SH,20211104,4868.7419,4841.0912,4873.9394,4834.7433,4821.1119,47.63,0.9879,132592970.0,308688054.574
000300.SH,20211105,4842.3458,4858.8999,4889.6835,4841.7442,4868.7419,-26.3961,-0.5422,147789359.0,312070841.453
000300.SH,20211108,4848.1795,4841.1527,4866.0822,4827.6892,4842.3458,5.8337,0.1205,137398264.0,295893824.0
000300.SH,20211109,4846.7444,4858.2525,4870.7905,4818.5386,4848.1795,-1.4351,-0.0296,118375526.0,261645065.376
000300.SH,20211110,4821.1925,4832.8006,4832.8006,4753.9959,4846.7444,-25.5519,-0.5272,135118179.0,301058966.271
000300.SH,20211111,4898.6529,4814.7655,4898.6529,4809.1109,4821.1925,77.4604,1.6067,160484863.0,323624626.069
000300.SH,20211112,4888.3749,4902.9289,4909.0839,4875.3492,4898.6529,-10.278,-0.2098,132662969.0,271773244.503
000300.SH,20211115,4882.3777,4894.4119,4906.3301,4863.396,4888.3749,-5.9972,-0.1227,121823149.0,272997748.91
000300.SH,20211116,4883.3206,4880.8964,4915.3717,4876.5004,4882.3777,0.9429,0.0193,127254406.0,284094590.893
000300.SH,20211117,4885.7544,4883.2481,4891.5232,4864.5198,4883.3206,2.4338,0.0498,108459223.0,246177916.949
000300.SH,20211118,4837.6185,4871.4216,4871.4216,4830.4123,4885.7544,-48.1359,-0.9852,114480565.0,244484713.797
000300.SH,20211119,4890.0575,4832.0595,4892.8093,4829.5665,4837.6185,52.439,1.084,127198312.0,266280681.864
000300.SH,20211122,4912.399,4895.3875,4918.9957,4893.2732,4890.0575,22.3415,0.4569,138092836.0,316148811.48
000300.SH,20211123,4913.3457,4905.7587,4927.5211,4896.8781,4912.399,0.9467,0.0193,154304411.0,301022146.081
000300.SH,20211124,4916.6579,4914.0266,4935.4885,4899.6112,4913.3457,3.3122,0.0674,137150673.0,289707337.709
000300.SH,20211125,4896.4416,4917.6055,4921.3333,4891.728,4916.6579,-20.2163,-0.4112,115984031.0,255450994.352
000300.SH,20211126,4860.1265,4886.9516,4886.9516,4850.8114,4896.4416,-36.3151,-0.7417,120368974.0,243041335.647
000300.SH,20211129,4851.423,4820.0053,4858.5322,4818.7058,4860.1265,-8.7035,-0.1791,133626862.0,285995221.657
000300.SH,20211130,4832.026,4857.183,4871.2528,4810.2192,4851.423,-19.397,-0.3998,129630596.0,279268234.018
000300.SH,20211201,4843.851,4831.8885,4844.5242,4823.9254,4832.026,11.825,0.2447,123086789.0,255968912.362
000300.SH,20211202,4856.163,4839.9137,4866.8505,4830.3228,4843.851,12.312,0.2542,148088521.0,278051726.156
000300.SH,20211203,4901.0175,4856.9802,4901.0175,4853.3505,4856.163,44.8545,0.9237,144059626.0,300052698.342
000300.SH,20211206,4892.6209,4909.4292,4943.9032,4888.6927,4901.0175,-8.3966,-0.1713,173615683.0,333405791.015
000300.SH,20211207,4922.1015,4930.8261,4934.0973,4895.2178,4892.6209,29.4806,0.6026,179053460.0,340617766.238
000300.SH,20211208,4995.9298,4934.4056,4995.9298,4915.7898,4922.1015,73.8283,1.4999,157490559.0,329064831.239
000300.SH,20211209,5078.6901,5000.6871,5114.5012,4999.4097,4995.9298,82.7603,1.6566,220568776.0,425680958.779
000300.SH,20211210,5055.1172,5046.2677,5060.0554,5035.8087,5078.6901,-23.5729,-0.4642,193695154.0,356917625.38
000300.SH,20211213,5083.8007,5090.0207,5143.841,5079.7276,5055.1172,28.6835,0.5674,211801596.0,426376532.477
000300.SH,20211214,5049.6953,5066.3497,5075.2138,5038.8583,5083.8007,-34.1054,-0.6709,159107790.0,318685538.074
000300.SH,20211215,5005.8991,5036.284,5060.368,5003.7776,5049.6953,-43.7962,-0.8673,150529752.0,291072568.761
000300.SH,20211216,5034.7321,5006.6105,5034.7321,4987.2247,5005.8991,28.833,0.576,144053867.0,291474766.866
000300.SH,20211217,4954.7599,5021.3385,5022.1067,4954.7592,5034.7321,-79.9722,-1.5884,149005399.0,297943311.187
000300.SH,20211220,4880.4178,4934.9662,4971.6727,4872.6846,4954.7599,-74.3421,-1.5004,169675690.0,317536919.39
000300.SH,20211221,4913.4853,4876.5141,4917.7994,4872.9491,4880.4178,33.0675,0.6776,143339898.0,259023177.323
000300.SH,20211222,4914.4544,4924.5771,4936.6731,4903.1652,4913.4853,0.9691,0.0197,133256740.0,244642450.514
000300.SH,20211223,4948.7389,4924.2912,4948.7389,4906.7473,4914.4544,34.2845,0.6976,139555406.0,263359754.801
000300.SH,20211224,4921.3449,4953.0616,4964.9064,4905.9785,4948.7389,-27.394,-0.5536,142673323.0,290483663.506
000300.SH,20211227,4919.3238,4918.1462,4939.689,4894.1598,4921.3449,-2.0211,-0.0411,124100952.0,254421525.173
000300.SH,20211228,4955.9644,4923.6917,4959.1448,4913.5983,4919.3238,36.6406,0.7448,130457757.0,276316732.181
000300.SH,20211229,4883.4804,4958.6455,4958.6455,4883.4804,4955.9644,-72.484,-1.4626,113587002.0,273225467.112
000300.SH,20211230,4921.5109,4882.1561,4940.178,4878.6478,4883.4804,38.0305,0.7788,121617178.0,268022477.312
000300.SH,20211231,4940.3733,4937.463,4950.3639,4923.1392,4921.5109,18.8624,0.3833,121313737.0,266975388.723
000300.SH,20220104,4917.7653,4957.9835,4961.4527,4874.5337,4940.3733,-22.608,-0.4576,151534776.0,336516961.627
000300.SH,20220105,4868.1202,4907.9347,4916.2822,4851.9835,4917.7653,-49.6451,-1.0095,178816100.0,363944528.848
000300.SH,20220106,4818.2318,4842.156,4857.5596,4786.433,4868.1202,-49.8884,-1.0248,157665826.0,321750076.5
000300.SH,20220107,4822.3689,4824.3181,4856.6522,4818.1931,4818.2318,4.1371,0.0859,187139413.0,332218950.735
000300.SH,20220110,4844.0451,4812.23,4844.3928,4780.8191,4822.3689,21.6762,0.4495,156211696.0,305033816.784
000300.SH,20220111,4797.7735,4840.0087,4850.879,4791.8854,4844.0451,-46.2716,-0.9552,146928004.0,286445756.034
000300.SH,20220112,4845.5787,4818.8902,4852.7314,4810.919,4797.7735,47.8052,0.9964,143200204.0,293153042.845
000300.SH,20220113,4765.9191,4853.0314,4853.0632,4765.2416,4845.5787,-79.6596,-1.644,142519653.0,288799117.043
000300.SH,20220114,4726.7317,4743.9124,4764.0522,4723.9428,4765.9191,-39.1874,-0.8222,146863126.0,281828448.517
000300.SH,20220117,4767.2762,4728.7595,4775.2385,4726.7083,4726.7317,40.5445,0.8578,115295691.0,263788241.676
000300.SH,20220118,4813.3472,4766.7811,4826.3003,4747.92,4767.2762,46.071,0.9664,150870802.0,282749393.139
000300.SH,20220119,4780.3784,4815.8106,4828.7522,4755.9301,4813.3472,-32.9688,-0.6849,133927360.0,275534557.469
000300.SH,20220120,4823.5091,4778.2616,4845.0048,4777.5683,4780.3784,43.1307,0.9022,164971315.0,304344267.971
000300.SH,20220121,4779.3142,4808.7733,4818.3052,4762.5641,4823.5091,-44.1949,-0.9162,138952585.0,274699155.294
000300.SH,20220124,4786.7377,4753.9413,4801.0976,4746.4479,4779.3142,7.4235,0.1553,114463880.0,246261594.853
000300.SH,20220125,4678.4511,4761.95,4781.3908,4678.2472,4786.7377,-108.2866,-2.2622,133667586.0,250555769.168
000300.SH,20220126,4712.3109,4697.0991,4718.9946,4648.1283,4678.4511,33.8598,0.7237,107070842.0,226553448.357
000300.SH,20220127,4619.8765,4708.0989,4708.4364,4616.0273,4712.3109,-92.4344,-1.9616,121263804.0,250535654.824
000300.SH,20220128,4563.772,4641.8137,4660.519,4559.8331,4619.8765,-56.1045,-1.2144,126480112.0,263967891.828
000300.SH,20220207,4634.0899,4638.5754,4672.6535,4615.0052,4563.772,70.3179,1.5408,144849720.0,266031793.985
000300.SH,20220208,4608.7729,4626.4365,4626.4365,4522.4709,4634.0899,-25.317,-0.5463,155830708.0,281364873.763
000300.SH,20220209,4652.0609,4608.1491,4659.4611,4595.2826,4608.7729,43.288,0.9393,148335547.0,273771960.506
000300.SH,20220210,4639.8625,4657.2107,4657.2107,4608.0905,4652.0609,-12.1984,-0.2622,151576666.0,287224388.086
000300.SH,20220211,4601.3953,4617.8741,4662.5963,4595.8751,4639.8625,-38.4672,-0.8291,155974584.0,307938016.715
000300.SH,20220214,4551.6878,4579.4202,4593.6324,4530.0566,4601.3953,-49.7075,-1.0803,143673894.0,275737553.467
000300.SH,20220215,4600.1025,4553.8112,4601.453,4550.543,4551.6878,48.4147,1.0637,115025600.0,249977008.675
000300.SH,20220216,4617.9893,4619.8458,4643.1003,4607.2178,4600.1025,17.8868,0.3888,107258955.0,210190931.036
000300.SH,20220217,4629.1649,4616.8955,4650.1591,4606.9522,4617.9893,11.1756,0.242,110014643.0,227946249.307
000300.SH,20220218,4651.2358,4604.5669,4651.3415,4598.1003,4629.1649,22.0709,0.4768,104550228.0,195825700.478
000300.SH,20220221,4634.3141,4646.0522,4646.6724,4613.2971,4651.2358,-16.9217,-0.3638,112516512.0,215039182.297
000300.SH,20220222,4574.1527,4601.9184,4602.066,4550.804,4634.3141,-60.1614,-1.2982,123317237.0,246872960.668
000300.SH,20220223,4623.0465,4582.0064,4625.2979,4579.2945,4574.1527,48.8938,1.0689,122952916.0,259050146.194
000300.SH,20220224,4529.3189,4592.069,4610.8792,4488.4763,4623.0465,-93.7276,-2.0274,184403058.0,342346666.857
000300.SH,20220225,4573.4247,4564.6321,4611.8602,4561.8964,4529.3189,44.1058,0.9738,149722583.0,271727599.672
000300.SH,20220228,4581.6459,4563.7427,4581.6459,4530.6764,4573.4247,8.2212,0.1798,135406978.0,248363727.483
000300.SH,20220301,4619.6862,4597.855,4623.4312,4583.917,4581.6459,38.0403,0.8303,123139220.0,260431185.064
000300.SH,20220302,4578.6007,4594.017,4594.017,4558.4416,4619.6862,-41.0855,-0.8894,113298325.0,215299655.365
000300.SH,20220303,4551.6283,4595.0249,4599.3973,4544.4313,4578.6007,-26.9724,-0.5891,138285877.0,242701771.996
000300.SH,20220304,4496.4301,4513.3636,4539.3925,4481.4927,4551.6283,-55.1982,-1.2127,127266806.0,249970282.271
000300.SH,20220307,4352.7775,4462.5174,4462.5174,4338.3042,4496.4301,-143.6526,-3.1948,162197706.0,306898527.658
000300.SH,20220308,4265.391,4361.6424,4383.6467,4252.5386,4352.7775,-87.3865,-2.0076,167863277.0,315176698.371
000300.SH,20220309,4226.3463,4280.9789,4304.482,4068.193,4265.391,-39.0447,-0.9154,194232900.0,341009391.866
000300.SH,20220310,4292.8374,4326.2035,4335.6731,4288.5078,4226.3463,66.4911,1.5733,145266383.0,301636182.195
000300.SH,20220311,4306.5217,4231.1961,4316.044,4176.4522,4292.8374,13.6843,0.3188,152399921.0,295008832.432
000300.SH,20220314,4174.7577,4248.1526,4280.3609,4174.7577,4306.5217,-131.764,-3.0596,130187236.0,260691659.461
000300.SH,20220315,3983.812,4125.4866,4163.4176,3983.812,4174.7577,-190.9457,-4.5738,202524699.0,346988947.368
000300.SH,20220316,4156.081,4053.099,4168.5853,3942.861,3983.812,172.269,4.3242,196021982.0,378883588.29
000300.SH,20220317,4237.6956,4237.6722,4302.7426,4217.8038,4156.081,81.6146,1.9637,179407344.0,385039197.286
000300.SH,20220318,4265.9017,4218.4736,4283.3679,4194.9402,4237.6956,28.2061,0.6656,149458305.0,275791291.073
000300.SH,20220321,4258.7459,4280.1397,4287.8166,4223.024,4265.9017,-7.1558,-0.1677,127036360.0,251214543.321
000300.SH,20220322,4255.295,4252.5658,4283.3344,4236.6888,4258.7459,-3.4509,-0.081,126382470.0,226213533.985
000300.SH,20220323,4276.5174,4269.6088,4287.5771,4241.957,4255.295,21.2224,0.4987,117089078.0,226390778.403
000300.SH,20220324,4251.3061,4249.5328,4273.9568,4216.8506,4276.5174,-25.2113,-0.5895,108918272.0,219594430.54
000300.SH,20220325,4174.5742,4249.0731,4254.8449,4173.93,4251.3061,-76.7319,-1.8049,108808046.0,217013187.265
000300.SH,20220328,4148.4663,4128.8379,4174.1206,4091.2978,4174.5742,-26.1079,-0.6254,118449021.0,213468973.998
000300.SH,20220329,4134.1441,4155.4182,4177.2134,4124.7179,4148.4663,-14.3222,-0.3452,100266972.0,199463853.668
000300.SH,20220330,4254.0989,4162.1666,4254.0989,4160.7351,4134.1441,119.9548,2.9016,138346024.0,268869181.171
000300.SH,20220331,4222.5968,4234.7159,4247.3602,4214.5352,4254.0989,-31.5021,-0.7405,134029185.0,238877216.806
000300.SH,20220401,4276.158,4198.8191,4290.671,4190.0835,4222.5968,53.5612,1.2684,133803053.0,244758870.755
000300.SH,20220406,4263.8411,4258.8325,4277.5238,4236.7283,4276.158,-12.3169,-0.288,159062195.0,253690929.898
000300.SH,20220407,4209.0998,4240.0237,4278.1127,4205.743,4263.8411,-54.7413,-1.2838,134880353.0,216996185.504
000300.SH,20220408,4230.7669,4213.2107,4237.8126,4175.5287,4209.0998,21.6671,0.5148,142843793.0,229081764.759
000300.SH,20220411,4100.0703,4203.7902,4203.7902,4089.0934,4230.7669,-130.6966,-3.0892,148197071.0,265224932.472
000300.SH,20220412,4179.9727,4102.9711,4179.9727,4075.796,4100.0703,79.9024,1.9488,144285684.0,252830412.756
000300.SH,20220413,4139.737,4154.4121,4194.0374,4139.737,4179.9727,-40.2357,-0.9626,125097489.0,221281029.56
000300.SH,20220414,4191.5684,4172.6443,4217.0612,4155.5509,4139.737,51.8314,1.252,124791316.0,245993822.041
000300.SH,20220415,4188.7472,4162.3718,4211.3174,4152.974,4191.5684,-2.8212,-0.0673,124762263.0,226229740.275
000300.SH,20220418,4166.3844,4152.9306,4171.7427,4119.9941,4188.7472,-22.3628,-0.5339,117504610.0,212855328.187
000300.SH,20220419,4134.9017,4161.9328,4186.9389,4115.4184,4166.3844,-31.4827,-0.7556,110217471.0,208570579.129
000300.SH,20220420,4070.7889,4130.5427,4136.1661,4060.5044,4134.9017,-64.1128,-1.5505,117331658.0,216536635.695
000300.SH,20220421,3995.83,4048.7338,4086.4393,3978.3669,4070.7889,-74.9589,-1.8414,132783828.0,227026679.682
000300.SH,20220422,4013.2498,3967.2016,4037.084,3953.7217,3995.83,17.4198,0.4359,122101811.0,206371766.716
000300.SH,20220425,3814.9127,3933.4459,3958.2102,3814.9127,4013.2498,-198.3371,-4.9421,168364502.0,272889272.275
000300.SH,20220426,3784.1198,3822.4887,3871.8498,3773.8986,3814.9127,-30.7929,-0.8072,157577611.0,259626354.225
000300.SH,20220427,3895.5361,3758.0835,3895.731,3757.0859,3784.1198,111.4163,2.9443,172734046.0,296924102.939
000300.SH,20220428,3921.1073,3883.4196,3943.4349,3873.5781,3895.5361,25.5712,0.6564,153056586.0,268502242.453
000300.SH,20220429,4016.241,3939.6238,4017.4281,3898.5701,3921.1073,95.1337,2.4262,179458377.0,321414877.428
000300.SH,20220505,4010.2102,3995.3533,4039.7,3988.9312,4016.241,-6.0308,-0.1502,154170716.0,290538230.663
000300.SH,20220506,3908.815,3928.8548,3947.2378,3902.051,4010.2102,-101.3952,-2.5284,123005551.0,214825174.047
000300.SH,20220509,3877.4364,3883.9514,3914.1116,3854.9353,3908.815,-31.3786,-0.8028,92936694.0,171756502.864
000300.SH,20220510,3919.8684,3820.6278,3932.6823,3808.5699,3877.4364,42.432,1.0943,136416918.0,239060211.933
000300.SH,20220511,3976.4231,3917.9322,4033.3026,3916.5249,3919.8684,56.5547,1.4428,165632256.0,309294912.8
000300.SH,20220512,3958.74,3949.949,3985.9268,3935.5886,3976.4231,-17.6831,-0.4447,113376066.0,202029156.4
000300.SH,20220513,3988.6002,3983.8201,4003.8539,3957.1392,3958.74,29.8602,0.7543,109968357.0,195727044.9
000300.SH,20220516,3956.5378,4014.9955,4018.0283,3947.7461,3988.6002,-32.0624,-0.8039,112425294.0,199717909.5
000300.SH,20220517,4005.8934,3961.7605,4005.8934,3955.1018,3956.5378,49.3556,1.2474,109661454.0,210117539.7
000300.SH,20220518,3991.9069,4015.0134,4017.341,3964.7503,4005.8934,-13.9865,-0.3491,108074233.0,201800666.052
000300.SH,20220519,3999.5984,3938.2964,3999.5984,3933.7452,3991.9069,7.6915,0.1927,116293420.0,210206681.642
000300.SH,20220520,4077.5998,4020.8162,4077.6016,4020.8162,3999.5984,78.0014,1.9502,147069173.0,265609089.943
000300.SH,20220523,4053.9823,4080.9694,4080.9694,4029.0846,4077.5998,-23.6175,-0.5792,130477810.0,225981540.919
000300.SH,20220524,3959.1541,4052.8675,4055.783,3959.1541,4053.9823,-94.8282,-2.3391,145554336.0,247713039.713
000300.SH,20220525,3983.1784,3959.7672,3983.6236,3946.8083,3959.1541,24.0243,0.6068,107734015.0,188700537.391
000300.SH,20220526,3993.0446,3987.6815,4015.7468,3938.2389,3983.1784,9.8662,0.2477,126263689.0,216987025.401
000300.SH,20220527,4001.2988,4022.7095,4051.1428,3983.3838,3993.0446,8.2542,0.2067,112769337.0,206944426.227
000300.SH,20220530,4029.0179,4020.8584,4040.819,4003.3768,4001.2988,27.7191,0.6928,111152241.0,211144721.616
000300.SH,20220531,4091.5176,4031.7621,4096.1971,4020.3781,4029.0179,62.4997,1.5512,135415513.0,267770088.726
000300.SH,20220601,4083.1772,4086.6177,4094.9008,4058.8468,4091.5176,-8.3404,-0.2038,114850879.0,225416237.873
000300.SH,20220602,4089.5682,4063.9996,4091.152,4057.9135,4083.1772,6.391,0.1565,113893638.0,222657537.906
000300.SH,20220606,4166.085,4090.5286,4166.6151,4063.9057,4089.5682,76.5168,1.871,167871011.0,324075626.903
000300.SH,20220607,4179.1285,4165.6899,4198.0863,4155.1683,4166.085,13.0435,0.3131,142992881.0,285733722.333
000300.SH,20220608,4219.8122,4187.1483,4224.8096,4158.0329,4179.1285,40.6837,0.9735,157374057.0,319480252.837
000300.SH,20220609,4175.6747,4211.7225,4227.4484,4160.8814,4219.8122,-44.1375,-1.046,168449154.0,285172804.212
000300.SH,20220610,4238.9936,4145.6505,4241.3541,4140.2203,4175.6747,63.3189,1.5164,184796214.0,324091440.663
000300.SH,20220613,4189.3527,4194.4574,4218.2327,4156.7146,4238.9936,-49.6409,-1.1711,168475622.0,336585670.508
000300.SH,20220614,4222.3114,4143.2232,4224.0857,4102.929,4189.3527,32.9587,0.7867,171385904.0,335418557.932
000300.SH,20220615,4278.2178,4228.2926,4348.4226,4228.2926,4222.3114,55.9064,1.3241,257046590.0,459766820.665
000300.SH,20220616,4250.0614,4282.0827,4302.9212,4241.075,4278.2178,-28.1564,-0.6581,184074416.0,337235911.542
000300.SH,20220617,4309.0444,4219.2339,4318.7655,4218.6817,4250.0614,58.983,1.3878,158649098.0,346675726.829
000300.SH,20220620,4330.4328,4322.8324,4368.3555,4297.8912,4309.0444,21.3884,0.4964,165666382.0,359569296.86
000300.SH,20220621,4325.5657,4327.9159,4357.3396,4287.1406,4330.4328,-4.8671,-0.1124,164667615.0,317163317.74
000300.SH,20220622,4270.6227,4331.902,4333.1827,4269.2456,4325.5657,-54.943,-1.2702,158565854.0,298656263.311
000300.SH,20220623,4343.8781,4277.9555,4343.8781,4260.9002,4270.6227,73.2554,1.7153,170882360.0,327144780.544
000300.SH,20220624,4394.7723,4354.553,4400.6852,4346.1221,4343.8781,50.8942,1.1716,168972199.0,356054750.522
000300.SH,20220627,4444.2639,4414.3321,4472.6948,4414.3321,4394.7723,49.4916,1.1261,177385676.0,381432966.328
000300.SH,20220628,4490.5166,4442.5811,4497.8949,4407.3519,4444.2639,46.2527,1.0407,174756489.0,361685970.664
000300.SH,20220629,4421.357,4472.7346,4503.1307,4413.9961,4490.5166,-69.1596,-1.5401,187276688.0,395926107.699
000300.SH,20220630,4485.0108,4418.0656,4514.9968,4418.0656,4421.357,63.6538,1.4397,156666289.0,354343886.76
000300.SH,20220701,4466.7179,4489.5204,4500.9853,4449.2914,4485.0108,-18.2929,-0.4079,144779599.0,318492130.2
000300.SH,20220704,4496.0303,4447.2159,4496.0338,4427.8232,4466.7179,29.3124,0.6562,146345651.0,356968521.261
000300.SH,20220705,4489.5383,4505.4572,4530.3245,4439.4511,4496.0303,-6.492,-0.1444,154962415.0,361891850.839
000300.SH,20220706,4423.9698,4475.4815,4484.3615,4393.4165,4489.5383,-65.5685,-1.4605,149800235.0,344672707.728
000300.SH,20220707,4443.4736,4425.2814,4457.3431,4391.1938,4423.9698,19.5038,0.4409,132660906.0,328133133.657
000300.SH,20220708,4428.781,4468.0627,4479.4937,4426.8856,4443.4736,-14.6926,-0.3307,123195739.0,304031107.303
000300.SH,20220711,4354.6167,4406.1476,4406.1476,4330.5819,4428.781,-74.1643,-1.6746,134448578.0,299195233.43
000300.SH,20220712,4313.6184,4352.6456,4370.3411,4296.6215,4354.6167,-40.9983,-0.9415,130187838.0,291072311.85
000300.SH,20220713,4321.4617,4313.3589,4341.4663,4284.9419,4313.6184,7.8433,0.1818,131113179.0,286075545.407
000300.SH,20220714,4322.0742,4308.8229,4352.0978,4292.7595,4321.4617,0.6125,0.0142,145250926.0,301569861.037
000300.SH,20220715,4248.5273,4299.4714,4344.8572,4248.5273,4322.0742,-73.5469,-1.7017,150214453.0,316793192.67
000300.SH,20220718,4292.5858,4262.1539,4300.7777,4217.5064,4248.5273,44.0585,1.037,122601192.0,281055128.64
000300.SH,20220719,4269.3401,4288.4441,4288.4441,4238.8238,4292.5858,-23.2457,-0.5415,103805730.0,231117731.807
000300.SH,20220720,4283.8027,4291.2808,4303.3668,4269.9717,4269.3401,14.4626,0.3388,94490144.0,212301881.408
000300.SH,20220721,4236.0578,4270.3624,4283.1471,4236.0499,4283.8027,-47.7449,-1.1145,117156344.0,239228146.812
000300.SH,20220722,4238.2341,4251.7867,4275.4696,4207.3135,4236.0578,2.1763,0.0514,103840624.0,224295333.457
000300.SH,20220725,4212.6441,4233.9277,4234.8448,4201.919,4238.2341,-25.59,-0.6038,83636664.0,188136426.673
000300.SH,20220726,4245.9758,4220.0911,4259.9854,4214.5343,4212.6441,33.3317,0.7912,85823274.0,197601406.374
000300.SH,20220727,4225.0357,4236.154,4242.0951,4217.2809,4245.9758,-20.9401,-0.4932,78904940.0,194245303.807
000300.SH,20220728,4225.6733,4242.2743,4267.9181,4223.029,4225.0357,0.6376,0.0151,107531930.0,243871486.472
000300.SH,20220729,4170.1019,4226.4245,4243.5143,4160.8735,4225.6733,-55.5714,-1.3151,114179286.0,253198574.648
000300.SH,20220801,4188.6784,4160.6478,4196.5743,4129.4528,4170.1019,18.5765,0.4455,107749029.0,251125308.598
000300.SH,20220802,4107.024,4144.3765,4144.3765,4071.431,4188.6784,-81.6544,-1.9494,142224425.0,281013555.28
000300.SH,20220803,4066.9754,4114.8251,4150.9804,4058.1792,4107.024,-40.0486,-0.9751,116666124.0,268695834.765
000300.SH,20220804,4101.5367,4089.4419,4108.1591,4064.6594,4066.9754,34.5613,0.8498,89532644.0,216898674.902
000300.SH,20220805,4156.9111,4109.6287,4159.485,4097.8625,4101.5367,55.3744,1.3501,102571004.0,247325902.015
000300.SH,20220808,4148.0746,4142.1111,4155.7301,4135.0809,4156.9111,-8.8365,-0.2126,90208138.0,224080812.055
000300.SH,20220809,4156.2907,4143.666,4161.8086,4131.4252,4148.0746,8.2161,0.1981,84136959.0,214223692.26
000300.SH,20220810,4109.7373,4149.2071,4160.7871,4092.5455,4156.2907,-46.5534,-1.1201,85565839.0,217447368.47
000300.SH,20220811,4193.5428,4130.741,4193.8115,4116.0558,4109.7373,83.8055,2.0392,121385051.0,269630998.407
000300.SH,20220812,4191.152,4185.4203,4202.4663,4175.0501,4193.5428,-2.3908,-0.057,106808295.0,219208055.255
000300.SH,20220815,4185.6794,4180.0006,4219.9183,4174.3,4191.152,-5.4726,-0.1306,105898495.0,245539800.985
000300.SH,20220816,4177.837,4190.5269,4208.8006,4170.5197,4185.6794,-7.8424,-0.1874,93906139.0,233818584.732
000300.SH,20220817,4216.9586,4182.5668,4222.7866,4155.1734,4177.837,39.1216,0.9364,112864659.0,252044325.052
000300.SH,20220818,4180.0996,4205.7851,4211.9141,4173.541,4216.9586,-36.859,-0.8741,101052650.0,233115491.39
000300.SH,20220819,4151.0738,4174.5458,4185.6579,4151.0738,4180.0996,-29.0258,-0.6944,117402978.0,262494128.152
000300.SH,20220822,4181.3965,4135.1623,4183.6498,4134.2008,4151.0738,30.3227,0.7305,112442720.0,259747163.698
000300.SH,20220823,4161.0823,4175.5314,4187.3875,4147.4127,4181.3965,-20.3142,-0.4858,103153512.0,239101330.833
000300.SH,20220824,4082.4195,4168.5764,4174.1565,4079.0934,4161.0823,-78.6628,-1.8904,119069679.0,262844309.316
000300.SH,20220825,4116.2396,4093.2949,4119.6196,4058.7454,4082.4195,33.8201,0.8284,111320745.0,242149581.478
000300.SH,20220826,4107.5455,4127.8142,4139.7879,4102.6818,4116.2396,-8.6941,-0.2112,99000493.0,225519196.8
000300.SH,20220829,4089.5205,4063.8825,4092.9474,4059.5963,4107.5455,-18.025,-0.4388,94354432.0,203086114.712
000300.SH,20220830,4075.7937,4088.5262,4093.1356,4048.5244,4089.5205,-13.7268,-0.3357,93301662.0,192649001.278
000300.SH,20220831,4078.8402,4057.1443,4112.8485,4046.6225,4075.7937,3.0465,0.0747,132449765.0,292974665.546
000300.SH,20220901,4043.7395,4066.1869,4090.8852,4041.1281,4078.8402,-35.1007,-0.8606,97387071.0,210898503.454
000300.SH,20220902,4023.6131,4054.8423,4056.1805,4004.911,4043.7395,-20.1264,-0.4977,86789278.0,184468327.006
000300.SH,20220905,4015.4264,4010.4052,4016.9986,3982.7395,4023.6131,-8.1867,-0.2035,93767109.0,201118696.559
000300.SH,20220906,4052.2802,4024.4726,4054.004,4009.5826,4015.4264,36.8538,0.9178,113506265.0,235921838.118
000300.SH,20220907,4054.983,4032.7231,4067.5437,4028.374,4052.2802,2.7028,0.0667,107678059.0,215147152.182
000300.SH,20220908,4037.6839,4059.1689,4067.758,4036.0226,4054.983,-17.2991,-0.4266,100886049.0,186889047.981
000300.SH,20220909,4093.7874,4050.5853,4099.0081,4042.2498,4037.6839,56.1035,1.3895,118427114.0,221442547.204
000300.SH,20220913,4111.1145,4112.0123,4128.1113,4097.1408,4093.7874,17.3271,0.4233,111789737.0,218521062.136
000300.SH,20220914,4065.359,4058.0441,4089.0583,4047.9187,4111.1145,-45.7555,-1.113,90793681.0,185484965.111
000300.SH,20220915,4027.1186,4078.6495,4088.8078,3998.8564,4065.359,-38.2404,-0.9406,123951196.0,254367492.776
000300.SH,20220916,3932.6826,4013.5829,4019.4104,3932.6826,4027.1186,-94.436,-2.345,137193655.0,241251840.05
000300.SH,20220919,3928.0001,3928.4239,3953.6494,3910.3106,3932.6826,-4.6825,-0.1191,97719575.0,183574440.582
000300.SH,20220920,3932.8361,3945.6467,3957.5538,3921.6884,3928.0001,4.836,0.1231,84824134.0,179248153.538
000300.SH,20220921,3903.7348,3921.3177,3924.3914,3884.2268,3932.8361,-29.1013,-0.74,86458391.0,168939074.343
000300.SH,20220922,3869.344,3875.1771,3900.2736,3860.2308,3903.7348,-34.3908,-0.881,80946919.0,161134102.784
000300.SH,20220923,3856.0212,3865.1049,3888.3958,3829.6913,3869.344,-13.3228,-0.3443,94342462.0,172904807.364
000300.SH,20220926,3836.6773,3829.5958,3893.3186,3827.9498,3856.0212,-19.3439,-0.5017,104526031.0,192906200.254
000300.SH,20220927,3892.295,3844.0692,3893.0283,3827.9265,3836.6773,55.6177,1.4496,88860160.0,185955247.353
000300.SH,20220928,3828.7098,3879.4398,3879.4398,3828.0545,3892.295,-63.5852,-1.6336,86592213.0,172438042.788
000300.SH,20220929,3827.1434,3864.316,3873.1823,3808.6496,3828.7098,-1.5664,-0.0409,85654142.0,171635940.008
000300.SH,20220930,3804.8853,3833.3504,3848.6018,3801.2798,3827.1434,-22.2581,-0.5816,78559966.0,158692748.773
000300.SH,20221010,3720.9365,3806.5596,3807.4574,3715.7142,3804.8853,-83.9488,-2.2063,102647595.0,194635904.094
000300.SH,20221011,3727.6867,3732.0191,3739.8084,3706.0629,3720.9365,6.7502,0.1814,83944625.0,166800394.853
000300.SH,20221012,3784.3064,3722.8659,3784.3064,3661.5255,3727.6867,56.6197,1.5189,108089319.0,210931362.292
000300.SH,20221013,3752.6729,3756.4176,3783.596,3749.6393,3784.3064,-31.6335,-0.8359,99018915.0,198368891.549
000300.SH,20221014,3842.4698,3783.316,3863.2265,3780.8415,3752.6729,89.7969,2.3929,116242293.0,256551271.975
000300.SH,20221017,3846.4119,3822.2428,3849.6207,3809.1196,3842.4698,3.9421,0.1026,104192019.0,220488874.407
000300.SH,20221018,3838.2667,3865.8258,3870.2155,3831.1723,3846.4119,-8.1452,-0.2118,88346907.0,186556295.766
000300.SH,20221019,3776.5335,3827.4658,3840.487,3776.5335,3838.2667,-61.7332,-1.6084,81574844.0,186736408.23
000300.SH,20221020,3754.9269,3746.5793,3804.2468,3726.7925,3776.5335,-21.6066,-0.5721,90290895.0,203781618.922
000300.SH,20221021,3742.8929,3753.8903,3768.6895,3724.69,3754.9269,-12.034,-0.3205,98750038.0,180686357.677
000300.SH,20221024,3633.3733,3727.915,3762.158,3619.9876,3742.8929,-109.5196,-2.9261,130056864.0,259450743.134
000300.SH,20221025,3627.4542,3621.9356,3670.7327,3594.7011,3633.3733,-5.9191,-0.1629,110953882.0,219302759.597
000300.SH,20221026,3656.9027,3633.3107,3700.8797,3633.3107,3627.4542,29.4485,0.8118,121301548.0,242453810.572
000300.SH,20221027,3631.1448,3667.6645,3685.0837,3631.0639,3656.9027,-25.7579,-0.7044,117998675.0,257473315.676
000300.SH,20221028,3541.3295,3605.1598,3618.864,3533.4993,3631.1448,-89.8153,-2.4735,118772162.0,245816451.978
000300.SH,20221031,3508.7034,3504.507,3553.3871,3495.9509,3541.3295,-32.6261,-0.9213,138465655.0,256574822.102
000300.SH,20221101,3634.1732,3519.8174,3634.1732,3517.6209,3508.7034,125.4698,3.576,149286698.0,295089928.407
000300.SH,20221102,3677.8051,3620.3693,3703.465,3610.8029,3634.1732,43.6319,1.2006,141592919.0,291648245.712
000300.SH,20221103,3647.8966,3645.0604,3670.1574,3628.4987,3677.8051,-29.9085,-0.8132,110566035.0,215379297.964
000300.SH,20221104,3767.1746,3646.7709,3782.8823,3646.7709,3647.8966,119.278,3.2698,149734949.0,311145477.555
000300.SH,20221107,3775.2971,3754.5227,3792.7942,3746.3715,3767.1746,8.1225,0.2156,129826371.0,251195699.937
000300.SH,20221108,3749.3251,3773.6612,3779.1156,3723.3415,3775.2971,-25.972,-0.6879,99016451.0,193351324.897
000300.SH,20221109,3714.2704,3750.7821,3760.4068,3711.268,3749.3251,-35.0547,-0.935,89434525.0,172029529.944
000300.SH,20221110,3685.6885,3685.8274,3701.5306,3665.0585,3714.2704,-28.5819,-0.7695,103509302.0,183155308.703
000300.SH,20221111,3788.4387,3787.7568,3828.9004,3747.0902,3685.6885,102.7502,2.7878,189685586.0,344471326.267
000300.SH,20221114,3794.0171,3818.1447,3848.4116,3781.7778,3788.4387,5.5784,0.1472,169665048.0,315536856.085
000300.SH,20221115,3865.9726,3788.926,3871.6424,3775.4988,3794.0171,71.9555,1.8966,151515650.0,296268142.769
000300.SH,20221116,3834.3899,3860.811,3877.6781,3829.3126,3865.9726,-31.5827,-0.8169,120610964.0,235844588.245
000300.SH,20221117,3818.664,3821.2709,3821.7419,3776.5739,3834.3899,-15.7259,-0.4101,105940632.0,219540811.335
000300.SH,20221118,3801.5686,3823.8207,3840.3018,3801.5686,3818.664,-17.0954,-0.4477,115078777.0,224276131.008
000300.SH,20221121,3769.1269,3769.627,3769.8731,3733.9954,3801.5686,-32.4417,-0.8534,95866966.0,188230373.665
000300.SH,20221122,3769.5727,3766.0817,3809.8582,3751.0448,3769.1269,0.4458,0.0118,144486334.0,203490828.432
000300.SH,20221123,3773.5287,3760.2157,3791.1782,3753.2136,3769.5727,3.956,0.1049,144527911.0,201070601.178
000300.SH,20221124,3756.8082,3791.5399,3804.8987,3751.3818,3773.5287,-16.7205,-0.4431,101073447.0,160698921.546
000300.SH,20221125,3775.7764,3751.2822,3790.566,3743.4138,3756.8082,18.9682,0.5049,142929711.0,191711040.707
000300.SH,20221128,3733.2424,3701.902,3736.0813,3672.1306,3775.7764,-42.534,-1.1265,127825748.0,196305561.706
000300.SH,20221129,3848.4224,3766.5702,3854.7742,3766.5702,3733.2424,115.18,3.0853,178701392.0,289062336.431
000300.SH,20221130,3853.0365,3836.5598,3867.6591,3833.8272,3848.4224,4.6141,0.1199,157511400.0,250051468.093
000300.SH,20221201,3894.7687,3921.2954,3944.5645,3893.8718,3853.0365,41.7322,1.0831,169964585.0,306678195.716
000300.SH,20221202,3870.9478,3886.4034,3898.1146,3865.8844,3894.7687,-23.8209,-0.6116,116786350.0,201253166.363
000300.SH,20221205,3946.8759,3907.6375,3947.476,3900.6742,3870.9478,75.9281,1.9615,201747221.0,296615512.327
000300.SH,20221206,3968.1979,3929.0063,3988.9007,3922.9969,3946.8759,21.322,0.5402,155108323.0,275583430.841
000300.SH,20221207,3958.4409,3956.6722,3999.5864,3944.1831,3968.1979,-9.757,-0.2459,143001356.0,255490829.027
000300.SH,20221208,3959.1798,3953.199,3971.4927,3941.2966,3958.4409,0.7389,0.0187,115199986.0,198037690.481
000300.SH,20221209,3998.2442,3961.9919,4003.3178,3944.4396,3959.1798,39.0644,0.9867,153774954.0,268166789.657
000300.SH,20221212,3953.4433,3976.1722,3983.4332,3950.3203,3998.2442,-44.8009,-1.1205,125935368.0,227606300.937
000300.SH,20221213,3945.6813,3953.5482,3964.3957,3939.9795,3953.4433,-7.762,-0.1963,100994100.0,184020700.11
000300.SH,20221214,3954.8857,3952.7885,3972.7381,3935.7668,3945.6813,9.2044,0.2333,98528006.0,196175108.617
000300.SH,20221215,3951.9885,3954.672,3963.5002,3926.4997,3954.8857,-2.8972,-0.0733,88864725.0,181994889.123
000300.SH,20221216,3954.227,3931.2318,3960.4705,3929.4873,3951.9885,2.2385,0.0566,93178567.0,167488442.589
000300.SH,20221219,3893.2207,3952.7707,3966.5679,3878.4367,3954.227,-61.0063,-1.5428,106919075.0,180801387.702
000300.SH,20221220,3829.0173,3881.2257,3881.2729,3811.4759,3893.2207,-64.2034,-1.6491,83096822.0,164046440.874
000300.SH,20221221,3830.5384,3839.0009,3853.7272,3821.4037,3829.0173,1.5211,0.0397,64839215.0,123450040.36
000300.SH,20221222,3836.028,3859.2041,3882.1263,3821.3418,3830.5384,5.4896,0.1433,83705173.0,163970306.951
000300.SH,20221223,3828.2188,3811.6164,3848.3436,3805.9487,3836.028,-7.8092,-0.2036,65278148.0,130559415.566
000300.SH,20221226,3843.4887,3830.5682,3856.8066,3827.5186,3828.2188,15.2699,0.3989,73005712.0,148692832.422
000300.SH,20221227,3887.854,3860.9054,3891.8497,3856.58,3843.4887,44.3653,1.1543,77515350.0,152032206.631
000300.SH,20221228,3871.2644,3874.9132,3884.7205,3854.9406,3887.854,-16.5896,-0.4267,84424656.0,160671122.031
000300.SH,20221229,3856.7007,3854.2363,3868.2933,3838.4803,3871.2644,-14.5637,-0.3762,79394815.0,149011372.437
000300.SH,20221230,3871.6338,3873.9358,3887.5527,3868.7569,3856.7007,14.9331,0.3872,78773272.0,148295049.382
