trial,total,ann,sharpe,mdd,n_A,n_G,has_cashbond,eq_total
0,0.13180218559056778,0.017842903423033407,0.09696607745032898,-0.2717949671361508,3,7,True,0.6853672833539304
1,0.13896860028203206,0.018761016390624663,0.1082154652030407,-0.3834281515511429,4,6,True,1.0800312467676214
2,-0.4746536347877981,-0.08784723156763063,-0.36015135876190046,-0.5305987953165155,5,5,True,0.6748709397609813
3,0.9154576369656988,0.09728819673767974,0.5072826967769452,-0.2717949671361507,4,6,True,1.1764338959471305
4,-0.44038429401956614,-0.07957630175470898,-0.33680610933376093,-0.5503844063988726,5,5,True,0.9461753735164844
5,-0.05542230591909725,-0.008111460445331176,-0.027192368452179306,-0.3660185980696,5,5,True,0.8599790893227899
6,0.4263190034737627,0.05203163317466797,0.2869646488644697,-0.25750497514764775,4,6,True,0.8251376148118206
7,-0.13473611864010093,-0.02046016331210887,-0.08097518796536404,-0.3745758263551701,3,7,True,0.6993792567815145
8,1.079365544244495,0.1102333050838975,0.5624154405520088,-0.2660629278667599,8,2,False,0.9122510220522668
9,0.025975799458540783,0.0036698104605616955,0.015440073777549091,-0.3227298438437004,4,6,True,0.40277310374025577
10,-0.31491466060503037,-0.05259156375628382,-0.26445294334045677,-0.4426256685079034,4,6,True,0.5642638303527034
11,0.38849843712253285,0.0480008549080253,0.2944775926114849,-0.2089917999171919,5,5,True,0.9660277151237344
12,0.3613107748065929,0.045044739714773296,0.2471915444706739,-0.19689054002402034,4,6,True,0.8979316606748922
13,0.20830424650186363,0.02739707252153245,0.1517949488492256,-0.32542096914067514,6,4,True,0.929289551700933
14,-0.3126821196747085,-0.05215116534379238,-0.28751072464795135,-0.4134991631469938,3,7,True,0.8768394141036162
15,-0.22004897228528575,-0.0348772447909661,-0.19937426794112217,-0.405419213814922,5,5,True,0.6103888552932424
16,-0.23757874661238787,-0.038006009861372925,-0.21204886952304006,-0.3330644343098598,5,5,True,0.783829127067049
17,0.21677529007607377,0.028422859609539275,0.16870238769135906,-0.3891608982667261,4,6,True,0.7021069243402429
18,-0.016658474169647053,-0.0023967153613554393,-0.010806994822523579,-0.3275395778060474,5,5,True,0.6175160162637232
19,-0.4351524511241366,-0.07835202806571229,-0.49456852738609575,-0.474264256769863,3,7,True,0.7976208198690504
20,-0.3993070665000503,-0.0702160962790509,-0.44264231121568376,-0.4797249413281391,4,6,True,1.1327502210268623
21,-0.29906663803853617,-0.04949156717563552,-0.2896996200468273,-0.3715399347379157,3,7,True,0.9399076918574516
22,-0.09278114556747663,-0.013812581954736447,-0.050485372109377515,-0.3893162126100161,6,4,True,0.43388547220248763
23,-0.1745947619276189,-0.027036650504934645,-0.07605678747544528,-0.5511803848953932,6,4,True,0.5726146209363074
24,0.05231528007454411,0.007310561154637574,0.019507975035121562,-0.33168098588439626,4,6,True,0.3396691512123897
25,-0.09603959851948574,-0.014319325043862019,-0.021745993392056222,-0.37239817239893647,4,6,False,0.7732525594090789
26,-0.05729370322643368,-0.008392404430713096,0.017073239490030145,-0.4484374081204932,5,5,True,0.6623685914874511
27,-0.2042645983099176,-0.03211115830594202,-0.1855129105611912,-0.4062982956558214,4,6,True,0.3560985568934598
28,0.5023638241572477,0.05986638739579209,0.3127932303979246,-0.2788476893712162,7,3,False,1.0238640643679942
29,0.08838700507021069,0.012171839385010319,0.06982328821631123,-0.3684866754581156,6,4,True,0.5187931755560353
30,-0.4956584366923691,-0.0931483224247599,-0.38801426435263514,-0.5493667548400595,3,7,True,0.8583906295227921
31,0.7398843848069911,0.08232252351039882,0.41725696892068526,-0.2702071555402615,7,3,False,1.2210169833333766
32,-0.01567882221513439,-0.0022548097919637966,0.0006200262080629098,-0.2925185561139129,4,6,True,0.7690140909693028
33,0.05875831210803395,0.008189240655755103,0.03359540997565712,-0.3014094680959604,5,5,True,0.6921152446691423
34,0.1664013123495156,0.0222303724572257,0.1301396747812504,-0.3414718363700941,4,6,True,0.651176522437521
35,0.05508149597079948,0.007688371914990277,0.07625155673358393,-0.44381250385912235,4,6,True,0.9474306108380661
36,-0.11685710625743351,-0.01759425476306853,-0.06753528336142096,-0.3786931371244385,4,6,True,0.7488223757895203
37,-0.10239766063821898,-0.015312633180700197,-0.04870886295366135,-0.4229022710360794,3,7,True,1.093436847168213
38,-0.18188129063566738,-0.028268218671099743,-0.12074941051148406,-0.41707639900135335,3,7,True,0.7387873541565
39,-0.5683341785131528,-0.11308227647557323,-0.46443048097780737,-0.6143031149653687,3,7,True,0.9697311472184762
40,-0.080908764169216,-0.01197933177083843,-0.010787492264509181,-0.45347364200205986,3,7,True,0.9178481916971153
41,-0.15836170798035176,-0.024326101676251377,-0.07057011844095254,-0.5163196226036582,6,4,True,0.4491359959376744
42,0.3379189631544113,0.042460565769130154,0.22617547885041736,-0.37001094247073457,4,6,True,1.5406334644331796
43,-0.2899926983262431,-0.047743582498110726,-0.153308816490983,-0.48344060002636624,4,6,True,0.6378169432182985
44,-0.3257309057363329,-0.05474279049642905,-0.21206634808484887,-0.5957107901851859,6,4,True,0.9444883118093532
45,-0.1647106333222429,-0.02538084623883008,-0.04223746576785541,-0.48913059083346144,5,5,True,0.7349224856488255
46,0.06797046303966514,0.009437635450923576,0.04944012779862231,-0.2954185021073518,4,6,True,0.6830469672905246
47,-0.19046402155304054,-0.029730988742787234,-0.07599234231626202,-0.5411929117544041,7,3,True,1.1514983540953994
48,-0.35587221809224934,-0.060897583015528944,-0.23651258433356911,-0.3974952538343197,4,6,True,0.7111264157836787
49,0.15430279180404516,0.020709014786936653,0.1192084125728831,-0.33603611859478894,8,2,True,0.7217934388074925
50,-0.3976220263958776,-0.06984398082382282,-0.3496169130706359,-0.5041365809965536,4,6,True,0.3693485506699432
51,-0.11723878026152912,-0.01765491337212044,-0.06972915842668433,-0.3248399924944168,6,4,False,0.9185623868182959
52,-0.16627816551485097,-0.02564231723208954,-0.12197384757043582,-0.40735705540420775,6,4,True,0.7292534777343485
53,-0.09115123790235857,-0.013559689581401635,-0.006895370483315581,-0.3730032097706927,3,7,True,0.5177650747097913
54,0.36737450574141395,0.045708405501762694,0.23923678762591502,-0.3710177681355772,5,5,True,0.8937807724096178
55,-0.056327934071630836,-0.008247358462905585,-0.025334037204776696,-0.3391940868200275,4,6,True,0.792179053619644
56,0.34104644866956746,0.04280830200584873,0.23057087782288618,-0.2851195361737092,5,5,True,1.0535008629416098
57,0.5422999290644712,0.06384568022454928,0.37625873427286055,-0.23592780806001581,6,4,True,1.1011283421030953
58,0.37522738035137815,0.04656415136921299,0.2509505685915741,-0.23592780806001576,5,5,True,0.7595113336878547
59,-0.42618907860474586,-0.07627697149599699,-0.46301503044487335,-0.45806476435359184,4,6,True,0.5543166675200517
60,-0.5014423397856849,-0.09464124248290662,-0.4592075592416397,-0.5336587476063854,4,6,True,0.7781227283515841
61,0.1590718279480181,0.0213103333338045,0.14236833359019235,-0.36581707837700306,3,7,True,0.7039052245129971
62,0.12192968128455739,0.01656990933564706,0.10140402345369015,-0.31001143638406403,6,4,True,0.5074151035970982
63,-0.2852981185214546,-0.04684673230226344,-0.18304905565098156,-0.42723272737235024,4,6,False,0.7639064910499349
64,0.3315799928808174,0.04175361104382502,0.24916267355797303,-0.19324569015710819,3,7,True,0.7369327775783794
65,-0.13885848494792852,-0.021128150437778936,-0.08128244192817742,-0.4123139770610022,3,7,True,0.7154302396548746
66,0.4198749475547814,0.05135137558809322,0.27405900526109084,-0.24200525248801974,6,4,True,0.9018822171675336
67,-0.18408802394317714,-0.02864305530520661,-0.1267679317875801,-0.3637562628985378,4,6,True,1.0677482419927378
68,0.3249145065546315,0.04100712328280065,0.2177524425118825,-0.329857302454442,6,4,True,0.7994146978225047
69,-0.3309911056754863,-0.05579969355852954,-0.20190608217754066,-0.5103119050393763,3,7,True,0.8287839147477969
70,-0.4619370704461222,-0.08472554562881485,-0.34178680119648247,-0.5118848685764666,3,7,True,0.5951114173355947
71,0.012299389651695414,0.0017476927956570076,0.06759285398099986,-0.361514492613366,4,6,True,0.7035076288954292
72,-0.2599305252299313,-0.04208611693136588,-0.10478946405150645,-0.4798957561819688,4,6,True,0.7819495897461832
73,-0.37044679338502595,-0.06396269919692277,-0.2514788485011447,-0.4560959036895771,4,6,True,1.001915227000258
74,-0.07173554870919163,-0.010576717516324385,0.007431868133821469,-0.510747560445307,4,6,True,0.6314664223912874
75,-0.5456681107468997,-0.10657499592329922,-0.47612583672329417,-0.5750266836827467,2,8,True,0.6025503421772165
76,0.010235463017743252,0.0014556927421554011,-0.0004131118845650917,-0.3897810815624673,4,6,True,0.39961091391970993
77,0.018089934203386893,0.0025642113201278516,0.025718176289440797,-0.37617491474236536,4,6,True,0.7772123594885996
78,-0.3002163905161903,-0.04971443563316369,-0.2421463680238524,-0.495412040842972,5,5,True,0.8215114992928334
79,-0.3454535838461421,-0.058742717662070065,-0.2717793688909046,-0.41675701538355453,3,7,True,0.6962028585422932
80,1.2396613298262489,0.12207312114516289,0.6111514109308755,-0.24036552637631628,7,3,False,1.115633764999227
81,0.8806676253009595,0.09441894950663987,0.4707865023686427,-0.33899559226526804,3,7,True,0.9951523126176869
82,-0.5264064392912164,-0.10126028778753693,-0.4027371128270921,-0.6121800363527876,4,6,True,0.7910117310706735
83,-0.26888394368814883,-0.04375016270083498,-0.1931084389467848,-0.39352594387934825,3,7,True,0.7288733663323372
84,-0.020656017634818946,-0.002977030759926169,0.03666473539342713,-0.38708703753756535,3,7,True,0.6383872417224095
85,0.04229117065327581,0.005934294129630979,0.042215069584317116,-0.3584628668930105,5,5,True,1.1134282574958831
86,0.7340087766734478,0.08179967238493635,0.4216710496944053,-0.2717949671361507,5,5,True,0.8458709642711946
87,0.15972557160605239,0.02139259725447018,0.12062901907133551,-0.29148189812729,4,6,True,0.9864611443705249
88,0.14155081445363193,0.019090619065148307,0.13636287381997142,-0.3615075888829282,3,7,True,0.5700978392892238
89,0.15106130334038714,0.02029908501539701,0.11353512408064731,-0.2788476893712161,3,7,True,0.4571919482620739
90,-0.05490501682691129,-0.008033886461601636,-0.03549253066724658,-0.3210051269606933,5,5,True,1.0328463785363176
91,0.22240448968937465,0.029101138028399642,0.15471868248756435,-0.29379005200539854,5,5,True,0.7545036892228287
92,-0.32573730521664557,-0.05474407200854059,-0.2946715784068756,-0.47434564021796666,5,5,True,0.5062306791923463
93,-0.24326282788650733,-0.0390337634360155,-0.24769316985315276,-0.3711571167256792,4,6,True,0.51158274666422
94,-0.16181914136753273,-0.024899634671843973,-0.11590813718842684,-0.3364931386401358,4,6,True,0.7210787524842148
95,0.0379709762623297,0.005337648964589103,0.05235636527799423,-0.28623479724131096,5,5,False,0.9239990885358182
96,-0.34848615480823397,-0.059366886875066416,-0.40876032045126337,-0.3739799798870618,5,5,True,0.7165622674470882
97,-0.43454520026169374,-0.07821055901311391,-0.33251112223403756,-0.5993695066339547,5,5,True,0.7503451125086589
98,0.09274103302983217,0.01274924129524968,0.08281982499958648,-0.33302483655841,3,7,True,0.7871876282440196
99,-0.02642695130136885,-0.0038183772813756844,0.0014317646037465494,-0.3043407559946322,4,6,True,0.512793247148785
100,-0.30666316273675864,-0.050969925861866106,-0.2993352240958118,-0.34897997411614406,4,6,True,0.8486523599634859
101,0.3634127480117,0.04527508379456169,0.23885957416080744,-0.35740085549390177,5,5,False,0.9741933800615472
102,0.08081213312592661,0.011162575422132504,0.059589011514201214,-0.3567435229982983,3,7,True,1.0863459017285226
103,-0.3028569731328479,-0.0502274777781927,-0.14270528152462963,-0.47993946134993803,5,5,True,0.9639491733159209
104,-0.27593469078586785,-0.0450729247579893,-0.17991964641256372,-0.546272195367343,6,4,True,0.9591531029770091
105,0.21991214848031326,0.028801159668363496,0.16475526417415023,-0.3184512029629674,5,5,False,1.3325673025199882
106,-0.42269285536380685,-0.07547510823388504,-0.3284265788879101,-0.45999799355265486,2,8,True,0.7089008448373311
107,-0.2568272372223648,-0.04151337841145408,-0.15295333863553118,-0.43813771680432695,3,7,True,0.5064649647879345
108,0.036302586401437464,0.005106664300600139,0.07181102288849245,-0.4245605614748835,4,6,False,1.1371288185119104
109,0.04192932719547349,0.005884402762702079,0.048717693341772415,-0.3004914902048965,4,6,True,0.959293054240018
110,-0.24374360263856676,-0.03912099677451475,-0.21994224221522812,-0.38409319952955223,5,5,True,0.8610301845600701
111,-0.3870636315930548,-0.0675324239952595,-0.26517244871255263,-0.5998201873957214,5,5,True,0.5553146731029268
112,-0.05902972092793335,-0.008653452268321371,0.03134470719979514,-0.5315196596810066,5,5,False,0.8243945475517327
113,-0.19805484580511923,-0.03103582612093525,-0.13654452658778418,-0.38425193075842645,5,5,True,0.6605489879617423
114,-0.21743560588695965,-0.0344159779829013,-0.09342866604438516,-0.41995567067092704,6,4,True,0.789231289113606
115,-0.337258897302121,-0.0570683871426535,-0.24892861314442527,-0.4200863118486459,4,6,True,0.9815632372624521
116,-0.1278122720085757,-0.019344338902604008,-0.08198501113310988,-0.37863066555860225,3,7,True,1.0587034712610417
117,-0.2344461315037143,-0.037442397635063296,-0.11979586403022725,-0.5724707778269341,6,4,True,0.8018325840016198
118,0.23224804801489207,0.03028080867185068,0.16158592379308476,-0.28638828546293976,6,4,False,1.3526640964691587
119,0.6523093862809299,0.07436750385854562,0.3915154114506818,-0.3451332065306297,5,5,True,1.5104098954931788
120,-0.08271125527729306,-0.012256348089096258,-0.051812539308374934,-0.380550729504716,7,3,True,0.8055744605175961
121,-0.14429194474759,-0.022012786580703048,-0.08910017410714406,-0.45495264176349365,4,6,True,0.7314993088085397
122,1.1734972924582534,0.11727704747505108,0.6417274430177092,-0.22580775345830278,6,4,True,0.692414532954488
123,-0.43817081258352375,-0.07905714531479557,-0.2810701165558036,-0.5780210624118589,5,5,True,0.6373769070630013
124,0.06010476059967518,0.008372285661041534,0.03863527438165429,-0.22717900864519805,5,5,True,0.9506228783426609
125,0.4014818835998435,0.049395076617575695,0.2661701368281577,-0.22028765396610764,4,6,True,0.7616808938168718
126,0.4108277587827016,0.05039184241934169,0.2656213794782651,-0.3319216305081005,6,4,True,1.1354300601078346
127,0.4271728095346894,0.052121566254955454,0.2688485057534451,-0.28289695152142624,3,7,True,0.5044587176742934
128,-0.21973851411163647,-0.03482237873539096,-0.10113805669730311,-0.45146847515489724,5,5,True,0.6810373073363498
129,-0.16766835538929958,-0.02587455958722007,-0.0572313458280433,-0.5702644909891769,4,6,True,0.8564722501113784
130,0.012126185007446555,0.0017232077874318463,0.027346128696984013,-0.390987775969806,5,5,True,1.029597184117589
131,-0.09399370196263568,-0.01400097190932803,-0.09317489883254433,-0.30856669429058126,3,7,True,0.7525658493930072
132,0.3357221150655445,0.04221588762661943,0.22575398717316797,-0.2792015027357524,3,7,True,1.2785783474802312
133,0.28679798229311215,0.036675438699266705,0.19949108843697363,-0.29249755479329315,7,3,True,0.6218262403195991
134,0.08763486770138318,0.01207189549998744,0.07562611120678309,-0.36718483420836445,6,4,True,0.6772783752504987
135,-0.09563425662086478,-0.014256202515939953,-0.058670290432010164,-0.35732186238943126,5,5,True,0.6564718733989263
136,-0.4506723106940326,-0.08201263453332253,-0.3344581137236299,-0.5091712892653949,4,6,True,0.7192467068338708
137,-0.4319045160054623,-0.07759687866152476,-0.316749306111558,-0.569620963667856,6,4,True,0.609952213365996
138,-0.31580179802417585,-0.05276690501467296,-0.18547872852591316,-0.5121800363948247,5,5,True,0.9561753139164995
139,0.6120366083223012,0.07058730512312938,0.3741896520892451,-0.22298462798138477,5,5,True,1.123459110685026
140,-0.3052003254770568,-0.05068416757054883,-0.16506733154892594,-0.5461675851614044,5,5,True,0.635538378994134
141,-0.5218261727524721,-0.10002381294052376,-0.4351869916100336,-0.5527253931579302,4,6,True,0.6964426168298772
142,-0.44553756025281854,-0.08079181692438031,-0.32612764584573173,-0.48211879327042145,4,6,True,0.8497666538426052
143,0.32521612704881697,0.041040972125204744,0.21803443345749107,-0.3691120775206148,6,4,True,0.6150509253579695
144,-0.16778621264936755,-0.02589426387189775,-0.0561241716135179,-0.5980644180792702,5,5,True,0.9464478447701803
145,1.1538118477059114,0.11582594362694754,0.5841851009051228,-0.2751587754354394,7,3,True,0.8710924289103035
146,-0.39066122651720936,-0.06831618776917658,-0.2338088207915585,-0.5460591123979743,6,4,True,0.8134245438818295
147,-0.5679577071844615,-0.11297182670938077,-0.4449570273587283,-0.5973612900613208,4,6,True,0.48580409117202294
148,-0.11965930780136635,-0.018040126686018843,-0.016624049157357726,-0.38864746357803287,4,6,True,0.8303462368259533
149,0.6378164261686949,0.07301631356811278,0.49498970504398665,-0.14945088661053912,8,2,True,0.9047369657053985
150,-0.5693505785723334,-0.11338088247324962,-0.44956848370595276,-0.5971788088767248,3,7,True,0.6036933425834381
151,0.34944144903609287,0.043738292782208976,0.2322535855001485,-0.3052236152854461,6,4,True,0.8517719022735808
152,-0.12459394691079284,-0.018828267025116197,-0.1286908740976784,-0.325147327946286,6,4,True,0.6453098303437903
153,-0.05799118265557568,-0.00849723600055663,-0.025354277153725135,-0.3528786629097485,4,6,True,0.9553929738605424
154,-0.17404635730559137,-0.02694433678938246,-0.049935279698535964,-0.5811998485744088,4,6,True,0.8187356487807234
155,1.0323637631889215,0.10661334751273399,0.5505530483993708,-0.27954977666238223,5,5,True,0.6336141297314442
156,-0.1503211503781824,-0.02300007114417446,-0.07636447294187614,-0.4743597039438961,5,5,True,0.4998304600595458
157,-0.17971527286355338,-0.027901139845391998,-0.15394780333614208,-0.3254654518201745,4,6,True,1.1788341605406023
158,-0.2373269832453081,-0.03796063994854537,-0.11018097252896475,-0.41141393111644187,4,6,True,1.0692189218508248
159,-0.44499689095118655,-0.08066383414683476,-0.3383623594656232,-0.5853242290230969,4,6,True,0.8518022815398991
160,-0.4996782325786644,-0.09418433094835921,-0.3739059904379781,-0.5507506655829695,2,8,True,0.7212168272216772
161,-0.14502862236494662,-0.02213309743815517,-0.07727246291717418,-0.3923233864732717,4,6,True,0.7219465101927363
162,-0.35979327270750194,-0.06171631010002099,-0.260711102503979,-0.40116293295330974,2,8,True,0.8018409951814167
163,-0.1327658755016179,-0.02014186860734435,-0.05556562807975172,-0.5773924131252246,6,4,True,0.671565607603511
164,-0.2805480853804899,-0.04594441305880004,-0.16688397635808663,-0.43578086878138633,4,6,True,1.2305521303050933
165,-0.42492913847354186,-0.07598752117354468,-0.31384982030664843,-0.4620897697890329,3,7,True,0.9805621301787282
166,0.6044988616211873,0.06987079851298428,0.37133145428449627,-0.2942682262975818,6,4,True,0.4101394517682635
167,-0.2677324236290818,-0.04353517031125109,-0.2695109137726902,-0.3792126492896004,5,5,True,0.98202918055429
168,0.08403022276332983,0.011592087006060847,0.02802094064959101,-0.30045918758003776,5,5,True,0.7322948617651048
169,-0.2570109251117474,-0.041547222459372146,-0.11248463281085705,-0.5060703910099508,5,5,True,0.8951331062755361
170,0.07178101916763002,0.009951329993948876,0.04220952998115636,-0.23592780806001568,5,5,True,0.6747523309951169
171,-0.012288569564381069,-0.0017646539422964125,-0.022588344238847726,-0.36493650225293894,4,6,True,0.8624350243509498
172,-0.2121486270011318,-0.03348683403727526,-0.10189295377895037,-0.5725456492487785,6,4,True,1.0368758830949698
173,-0.10672317994050728,-0.01599185377760881,-0.035403769478208676,-0.5573855283861784,5,5,True,1.3807593292261777
174,0.0001896395974401166,2.7086520927754876e-05,0.021121165259940178,-0.39052184190871797,5,5,True,1.0372774341023159
175,0.02178626884578616,0.0030833484033181424,0.057099690179742243,-0.39696855054065605,6,4,False,0.7267470916992098
176,-0.37686804659885187,-0.06533246511229784,-0.2317267602779959,-0.5332935147185759,3,7,True,0.7897127898800915
177,-0.20016584623316636,-0.03140058120215872,-0.13800102072528067,-0.40934613389605873,5,5,True,0.5743495572682138
178,0.07778212939516638,0.010757164137561226,0.08985026786706349,-0.3587222550169953,4,6,False,1.176031038220847
179,-0.4272461804172195,-0.07652024366480648,-0.31727512698536126,-0.6073216146450817,5,5,True,0.6830281613071847
180,0.72620925461119,0.0811032675558172,0.39325943370579863,-0.2992309978105206,9,1,False,0.7330377213712567
181,-0.19162337631629678,-0.0299295975795425,-0.07416133548067548,-0.5348414619095422,6,4,True,0.9345727699962716
182,-0.1706673882361005,-0.026376706542390438,-0.17183643203466875,-0.35347459190591796,5,5,True,0.6255921686327643
183,-0.49432343158422376,-0.09280582148879835,-0.3774387883987768,-0.548173917033389,4,6,True,0.7648544895076796
184,0.028721130346980317,0.004052997160580274,0.05405216129580344,-0.48169438527092534,3,7,True,0.6988813722224232
185,0.22454792676865787,0.0293587032490219,0.15464825191635698,-0.2866942843888765,5,5,True,0.6626671114126583
186,0.07885034274468472,0.010900201319352432,0.07369657502729149,-0.3771102670818609,3,7,True,0.6174920229865555
187,-0.25079361844894943,-0.04040566492519704,-0.2817879211052763,-0.35050028541505074,6,4,True,0.8037654315639085
188,0.24209905085902816,0.03145331238107563,0.16831045898953154,-0.3176226791478975,4,6,True,0.5412993195409253
189,-0.2146795675633859,-0.03393095741332619,-0.19364404748140046,-0.3355331754555883,3,7,True,0.6344314076346893
190,-0.14474905675615668,-0.022087429588919405,-0.08354553779083633,-0.44558049987781595,4,6,True,0.4859195964740759
191,-0.03290204484060388,-0.0047674878082345495,-0.01647846275620194,-0.3165844765074228,6,4,True,0.6863234515094021
192,0.11574796213372407,0.015767920675763714,0.08865672365249574,-0.3178694197485085,4,6,True,1.0120626140120637
193,-0.20361080364079276,-0.03199760368873228,-0.16729631647893967,-0.34002248715522404,3,7,True,0.6141479247095352
194,-0.5398906414001496,-0.10496090786005119,-0.45366377850943773,-0.6327754691006812,6,4,True,0.8535493001141554
195,0.12640461091624333,0.017148106716684763,0.09491044911268817,-0.3427258056289328,6,4,True,0.8754481762386834
196,0.08642494505853837,0.011910996815279074,0.0639752724330799,-0.27884768937121607,7,3,True,0.5667184176190552
197,0.3884369127559635,0.0479942215851521,0.2496598896302187,-0.4246331555875039,5,5,True,1.072947920374574
198,0.09910504756181959,0.013589656464856992,0.08283311899665545,-0.3247573550828774,5,5,True,0.9490772337804887
199,-0.39277765412879406,-0.06877912280259679,-0.3210119783316997,-0.4624191004286815,4,6,True,0.5307870408778346
200,-0.2963878837948949,-0.04897352945953892,-0.17087859584256107,-0.4799199074583502,4,6,True,0.8455663518734073
201,-0.09998955622800276,-0.014935712132370216,-0.2062064270971812,-0.31772989983766703,6,4,True,0.9813037938688389
202,0.059000616569944375,0.008222195824553857,0.05945239592495166,-0.32307345915131686,5,5,True,0.5413581173773094
203,-0.023286273482533315,-0.003359968203354713,-0.025916793606148222,-0.43444526372861597,4,6,True,0.48312978092600645
204,0.17824873806595232,0.02370710361352102,0.14537509587583353,-0.4027591263636784,6,4,True,0.7598992192027407
205,0.04421775156155583,0.006199683496503905,0.042157280960220374,-0.3454662487282169,4,6,True,0.8266152254502226
206,0.1892803879368965,0.025070752574807953,0.1415985906000631,-0.31381349783193235,6,4,True,0.8952605781828282
207,-0.08425275459929427,-0.012493624202198794,-0.07990895724853883,-0.35621490699883235,5,5,True,0.7269976328292032
208,0.2516570828072957,0.032583351515808046,0.17540578900416914,-0.2788476893712163,7,3,True,0.6690984937093756
209,0.5616500752546285,0.06574208082064437,0.3507728380618319,-0.27179496713615076,6,4,True,1.0012757406186936
210,-0.5944276104733413,-0.12094663042784126,-0.5700996996366445,-0.6206353825015358,5,5,True,0.7675206015310223
211,-0.26431275847006663,-0.04289841188335275,-0.21471291966488537,-0.373383288704089,5,5,True,0.7804822137009548
212,-0.3588354388576752,-0.06151591582704674,-0.36165455326720863,-0.47378995404482027,6,4,True,0.6866959048479633
213,-0.436361441199395,-0.07863407071729722,-0.2961269794420317,-0.6076992219169151,6,4,True,0.937524459464155
214,-0.19510221395627192,-0.03052702557287934,-0.0795437021485723,-0.5307750874285783,4,6,True,0.7463309153658633
215,-0.12668909488766322,-0.01916404761260193,-0.07932808835227916,-0.40534534319953897,6,4,True,0.4605699832282095
216,-0.4410242041763073,-0.07972671612542581,-0.29944282700956665,-0.5045765272764875,3,7,True,0.8666110010835097
217,-0.13757220783225044,-0.020919428786973615,-0.03935709914480717,-0.4321547712356022,6,4,False,0.9756490536542151
218,-0.21531789621450825,-0.03404316350707082,-0.1744081463106471,-0.4343733605639473,4,6,True,1.1086174192920546
219,0.610249311836178,0.07041767235659013,0.3503188124552324,-0.3036438095462833,6,4,False,0.9369208665298219
220,-0.5816156497943219,-0.11703267406809181,-0.5105476730220634,-0.6086513207460645,4,6,True,0.4815830886257868
221,-0.30369005994513487,-0.05038968493118501,-0.19824651087063253,-0.4096659084191148,5,5,False,1.0312321937316096
222,0.21341214726847935,0.028016340299830134,0.14785170031711656,-0.29356298661231145,7,3,True,0.723007726122473
223,0.18198185679933565,0.02416978397189684,0.12959483399311067,-0.27179496713615076,5,5,True,1.0785327887369287
224,-0.30216023667954317,-0.05009194641775239,-0.26760651865772195,-0.40958807841373823,5,5,True,0.8970923490660707
225,0.4060484095135346,0.04988281988165255,0.2638715521257524,-0.2767737162457389,6,4,True,0.8085162570602433
226,-0.4779760149124146,-0.08867348029377109,-0.40909066201137817,-0.5730246689175966,3,7,True,0.4095666640721962
227,-0.21883210637722017,-0.03466229984947611,-0.0932732378942585,-0.5669202060677067,6,4,True,0.5791645491252166
228,-0.6127635018422615,-0.12673666937273753,-0.594714031211169,-0.6377864228467184,3,7,True,0.5731025163911312
229,0.26994991623422804,0.034725630018482834,0.18646610104958072,-0.3252151827600183,5,5,True,0.8034127401827316
230,-0.3585694072596717,-0.06146030326463514,-0.21339877958372813,-0.4586445620128795,5,5,False,1.0042208513352793
231,-0.018391540510165783,-0.0026480523736376327,-0.007816644928201322,-0.4004509977268781,6,4,True,0.5613590855043953
232,0.2920177874122367,0.03727508124614176,0.20139774614548384,-0.21661887949173622,6,4,True,1.0764248011898072
233,0.35064911187780434,0.04387166834303202,0.23545849855075127,-0.27975510325110875,6,4,True,0.8613826576513093
234,-0.0636717442704936,-0.009353514206616231,-0.038679018021985534,-0.28278314080481026,3,7,True,1.1518894042549186
235,-0.3887747476233453,-0.0679047106808981,-0.3147157876731962,-0.481738507661462,3,7,True,0.8073484310051542
236,0.3768282010571973,0.04673808236111454,0.25138667968155154,-0.2682691759519426,6,4,True,0.7402648093809963
237,0.5196245686740146,0.061597265367798526,0.3254091444220323,-0.2744222421092407,5,5,True,0.5884684709784729
238,-0.0561454609138855,-0.00821996766001798,-0.11847550525490601,-0.33397999029456715,8,2,True,0.7881428332405611
239,0.18158035989094667,0.02412008286239664,0.1311582705627929,-0.30611182264963943,4,6,True,0.42191548669220946
240,-0.03786451985967232,-0.005498574697821668,-0.01411432255430272,-0.3870536096726186,4,6,True,0.7395192496977119
241,-0.1476008703668088,-0.022553883333296665,-0.08076216614586161,-0.4186286003904944,4,6,True,0.8028606699239642
242,-0.39189527905013155,-0.06858594937884854,-0.2343519572685901,-0.5601084527254314,3,7,True,0.8761472484029729
243,-0.4119361251688102,-0.07303387513221882,-0.2984198293726709,-0.5980010718981508,3,7,True,0.5792689721553301
244,-0.4177484945206116,-0.07434818918161534,-0.28978011862789654,-0.5558611065277438,4,6,True,0.5091652887487743
245,-0.15623173305663685,-0.023973777355830284,-0.1476253089411711,-0.3210106652688395,5,5,True,0.9574593596178407
246,0.39919623742339394,0.04915043869122737,0.26448343931844953,-0.23592780806001568,7,3,True,0.9750462478039292
247,0.04035047273003234,0.005666534672611023,0.04645821448284229,-0.3299527317943398,3,7,True,0.4968081177264545
248,-0.11499745105875236,-0.01729902493280311,-0.1156664098111051,-0.36356216625413657,6,4,True,0.487063949736962
249,0.23287991227757643,0.03035625625607241,0.1639637509117445,-0.30249363972853943,5,5,True,0.8955755414403117
250,0.24137381900974764,0.03136726485036956,0.16798863322963942,-0.2215233293129728,6,4,True,0.6423663835656994
251,-0.17795674690089847,-0.02760372995181337,-0.06043976801067497,-0.3761477672670898,4,6,True,1.080937192329987
252,0.3730525186564613,0.04632757191327519,0.2503369901253065,-0.2502778852916565,4,6,True,0.5889584466445574
253,-0.16029770334742222,-0.024647003035980775,-0.13658023988525733,-0.29785087505315566,5,5,True,1.0044481661619242
254,-0.031833065399035854,-0.004610423576575262,-0.012014726073034837,-0.3427798938036286,5,5,True,0.9759579772010891
255,0.29547864871430907,0.037671515441446646,0.20286278928402451,-0.27927705780016043,5,5,True,0.9019705473937687
256,-0.4939968854241188,-0.09272216274505618,-0.42869288927498306,-0.526694412708553,4,6,True,0.6810018349305027
257,-0.04174662843903365,-0.006072755403065844,-0.13606097354579316,-0.25827755781720385,5,5,True,0.627983268263461
258,-0.2031742076094588,-0.031921817802118224,-0.1752253206335767,-0.3583214122842131,5,5,True,0.7121018429320993
259,-0.4941738112256351,-0.0927674840984567,-0.3508764485262179,-0.5795329477311688,5,5,True,0.6818313017913658
260,-0.07444860393293651,-0.010990310521274749,-0.05547287823705476,-0.3325322235732771,4,6,True,0.7980348424713526
261,0.2821197884710329,0.03613624125864745,0.20177489208287208,-0.5498006593712618,5,5,True,0.6791720394019183
262,0.19923250511995216,0.026291686746465315,0.13784587995396208,-0.2578165994580721,7,3,True,0.37280325398930514
263,-0.2267765529614112,-0.036070806150206525,-0.10356679758794875,-0.55105706994403,3,7,True,0.6901072912543462
264,0.4225164886849191,0.051630545525683136,0.2721678042137506,-0.2788476893712162,6,4,True,0.647790033324974
265,0.3056432989640969,0.038830628429600056,0.20773802282853182,-0.2764253480983208,5,5,True,1.0086802450496912
266,0.02640006955694485,0.0037290864359165177,0.011486288921111101,-0.27667805252670363,4,6,True,0.9619116090587636
267,-0.029620246679985862,-0.004285767783977157,-0.014425049790419583,-0.28503115720556566,5,5,True,0.8539748889702983
268,-0.20023645310596083,-0.03141279546226017,-0.09059031988088741,-0.4006896887846055,5,5,True,0.6129755567064217
269,-0.47109372015964535,-0.08696686588911773,-0.3220191414490518,-0.5357890504580226,5,5,True,0.7876180934547674
270,-0.29894667199285396,-0.0494683309690398,-0.1665592741352981,-0.5825261903927108,5,5,True,0.8146710514080182
271,0.23309481738046278,0.03038190938939156,0.16274699284912397,-0.2717949671361508,5,5,True,0.8051529475881802
272,0.020968146752729178,0.0029685849378104923,0.06511589047658958,-0.5445200132515081,7,3,False,1.3241994357662827
273,-0.1965376596193814,-0.03077418285388489,-0.13796866632468877,-0.49448699371257854,5,5,True,0.6299231445437385
274,-0.22738491237177993,-0.03617917546704741,-0.08112829011208714,-0.3629478935603351,3,7,True,0.5072421020529385
275,0.00262442745274738,0.0003744605786102362,0.02355177553911904,-0.3168686601668078,4,6,True,0.7911761232167316
276,-0.24763809760474131,-0.03982938412821824,-0.24475268400228756,-0.29819101909148626,2,8,True,0.6653313361790674
277,-0.14481320158243083,-0.022097906700208614,-0.08640612744639656,-0.4267671397450208,5,5,True,0.6210035627310728
278,0.12123774460596093,0.016480329082899425,0.098113037152313,-0.3190914000208878,5,5,True,0.96061342673323
279,-0.1770337622920024,-0.027447848773145656,-0.07522435249148159,-0.3835690604196444,4,6,True,0.8396789031383118
280,-0.16471515639838774,-0.025381600101768265,-0.04236268631835542,-0.5319570160891183,6,4,True,0.8284903557226613
281,-0.45618549124426033,-0.0833343640700851,-0.365694818279645,-0.4913263613802395,2,8,True,0.7845714895070317
282,0.005035534328996505,0.000717744217245686,-0.0012157217867232526,-0.38603058118308475,6,4,True,0.38007590459735807
283,-0.6155751291150089,-0.1276452042636661,-0.5042993512823252,-0.6404163649542639,5,5,True,0.3864500421545949
284,-0.371504943378676,-0.0641875945612862,-0.28268301417432673,-0.5730184698507926,3,7,True,0.699570694412168
285,-0.44861480911180285,-0.0815222815779878,-0.3358108938345678,-0.5577621222899003,6,4,True,0.7520823850711225
286,-0.09733733982307224,-0.014521581235379721,-0.060550683159378546,-0.37080540414287694,4,6,True,0.7590968133979148
287,0.47163802033049995,0.05674263001007529,0.303362803900924,-0.24934282520236262,5,5,True,1.141369737934736
288,-0.41195552378859535,-0.07303824306382811,-0.33107156193502135,-0.44995449998363185,3,7,True,0.7335434771314879
289,-0.18374323652538982,-0.02858443233668384,-0.16430689185935293,-0.3702529383222681,6,4,True,0.9659874694045723
290,-0.31695593919332077,-0.05299531103734689,-0.17332632486902044,-0.3951300714805532,4,6,True,0.5084015147724155
291,-0.05300965416598846,-0.007749963692919581,-0.13123662378089732,-0.2998842480154506,3,7,True,0.4811903242174691
292,-0.24592042462037977,-0.03951656230105649,-0.10927508711985198,-0.46369156156994285,6,4,True,0.8265876286925438
293,0.8127005366665754,0.08867967562103862,0.447506844816751,-0.2724992617365144,5,5,True,0.6475217522797241
294,-0.27677995720903925,-0.0452322420695106,-0.2101714782924989,-0.46258617342000447,3,7,True,1.4423505723988113
295,-0.22086276940561045,-0.03502115286283847,-0.15424706281871592,-0.3668944977933387,2,8,True,0.7875772090490027
296,-0.3475673260440101,-0.05917750938994726,-0.2341923049431128,-0.43860136370740177,3,7,True,0.4610577424043094
297,-0.3803268209962434,-0.0660753034874787,-0.2691900008643722,-0.42036961933927397,3,7,True,1.1459378133814004
298,-0.3941718194729782,-0.06908483057700177,-0.25790664615215175,-0.5753434839585423,4,6,True,0.7430439528403372
299,-0.26493693139256114,-0.04301444640166052,-0.1620664903821486,-0.5483832921688231,3,7,True,0.9342741872521532
