date,strat_nav,bench_nav_tr,bench_nav_px,strat_ret,bench_ret_tr,bench_ret_px,strat_nav_gated
20180831,1.012895849735059,1.0,1.0,0.012895849735059112,0.0,0.0,1.012895849735059
20180928,0.9040378759255454,1.0,1.0,-0.10747203065151012,0.0,0.0,0.9040378759255454
20181031,0.9855372293441708,1.0,1.0,0.09015037487802943,0.0,0.0,0.9855372293441708
20181130,0.9507939445905751,1.0,1.0,-0.0352531428738777,0.0,0.0,0.9507939445905751
20181228,0.9284935445117262,1.0,1.0,-0.023454503686865392,0.0,0.0,0.9284935445117262
20190131,1.2210216841801287,1.1479266505219894,1.146093317188656,0.3150567296859736,0.1479266505219894,0.14609331718865604,1.2210216841801287
20190228,1.340491832181222,1.2135286458598382,1.2094893696595028,0.09784441140479277,0.057148246630582156,0.0553149132972488,1.2382346448319337
20190329,1.3063690276651196,1.228561377867181,1.2222546674695485,-0.025455436353221478,0.012387620233464958,0.010554286900131604,1.2358823465920106
20190430,1.2865959025358964,1.1418328614502598,1.133730563942508,-0.015135941461015764,-0.07059355599106043,-0.07242688932439367,1.223563015122
20190531,1.3376368008902766,1.2055189402064528,1.1948862285313082,0.03967127382714195,0.05577530732063907,0.053941973987305714,1.2710989017075098
20190628,1.3386474491025406,1.2108082845240309,1.1979382959277878,0.0007555475534103188,0.004387607810352856,0.0025542744770195025,1.2720592773728374
20190731,1.4077865528591749,1.2017348253230717,1.186765060618595,0.05164847832264319,-0.0074937207788645654,-0.00932705411219803,1.3377592033853456
20190830,1.5080202442153314,1.2086638365368632,1.1914320226137096,0.07119949480451043,0.0057658404065377145,0.003932507073204361,1.4330069828364667
20190930,1.5159453027797047,1.2337643785104861,1.2139904163284672,0.005255273325920802,0.020767182085585256,0.018933848752251903,1.4405378262092254
20191031,1.461082588542471,1.217589641556824,1.195849268299981,-0.036190431235635694,-0.01311006966596806,-0.014943402999301414,1.3884041410674683
20191129,1.5918380369525358,1.3050228117814153,1.2795289066695368,0.08949216795506548,0.07180840509845199,0.06997507176511863,1.5126554376493868
20191231,1.735589311180654,1.2778906046143026,1.2505809300884603,0.09030521377873336,-0.02079059992068344,-0.02262393325401668,1.5605025241737436
20200123,1.7981674818160147,1.2598541529913565,1.2306372019954441,0.03605586311936386,-0.01411423760204411,-0.015947570935377464,1.614783915354019
20200228,1.6113733872951315,1.1809798575384807,1.1513358916735337,-0.10388025387503688,-0.0626058939168469,-0.06443922725018025,1.4470397522737175
20200331,1.7005253637912823,1.255686682389795,1.2220567059979481,0.05532670279841373,0.06325833956814964,0.06142500623481628,1.5270996905852556
20200430,1.703791164932529,1.2433688583540576,1.2078283423544063,0.0019204659987932867,-0.009809631820172138,-0.011642965153505491,1.5289517118268003
20200529,1.8416918084926879,1.3411240222977359,1.3005749159702276,0.08093752708573278,0.07862120985809806,0.07678787652476471,1.6276991647262085
20200630,2.0160418994002485,1.5146331117516987,1.4664535421001235,0.09466844023716177,0.12937587170848763,0.12754253837515428,1.6912407582678688
20200731,2.1085055494260385,1.5564993800282452,1.5042995713656255,0.045863952556391356,0.02764119439335877,0.025807861060025417,1.709809546942394
20200831,2.0014455007326855,1.4854031560071927,1.4328297955190428,-0.05077532222881549,-0.045677001181820165,-0.04751033451515341,1.673315353291028
20200930,1.9532963463432387,1.5230769886702618,1.4665433712563751,-0.02405718985194472,0.025362698679284756,0.023529365345951403,1.6310982606525528
20201030,1.9533510225472541,1.6118036898995918,1.5492880492771015,2.799176075745811e-05,0.05825490233871489,0.05642156900538153,1.631143917964837
20201130,1.8801630290659255,1.6963314798607847,1.627696971273816,-0.03746791674232136,0.052442980799019434,0.05060964746568608,1.576422100467131
20201231,1.6974288391599923,1.745233032116985,1.6716358286025963,-0.09719060904878897,0.028827828072974127,0.026994494739640773,1.4786762009461547
20210129,1.7003856645777007,1.7434748205240145,1.6668870958386828,0.0017419436676778721,-0.0010074365775886163,-0.0028407699109220808,1.4801656999499655
20210226,1.6548206433886208,1.6524532756380783,1.5768080046398818,-0.026796874461063037,-0.052206974149806684,-0.05404030748314015,1.4475447095142626
20210331,1.650944187112066,1.6800741234147045,1.6002736228582841,-0.002342523518812859,0.016715055235652976,0.014881721902319622,1.4448420443639054
20210430,1.7668932428356598,1.7513872215809196,1.6652656420874707,0.07023196582218749,0.04244639993697019,0.04061306660363684,1.545542634114625
20210531,1.788826716404561,1.7192756265134805,1.6316800947616388,0.012413581668182964,-0.018334948817573915,-0.02016828215090727,1.5523040821977345
20210630,1.696463928551069,1.5865481647969957,1.5027235631715574,-0.051633166592645774,-0.07719964133129886,-0.07903297466463222,1.4998529745554854
20210730,1.7858111658280307,1.5876234831953684,1.5009870743777602,0.05266674744642062,0.0006777722997841629,-0.0011555610335490796,1.566744513092446
20210831,1.8188928381565352,1.610611529046898,1.519968855894199,0.018524731484230176,0.014479532518165028,0.012646199184831675,1.5843271448546918
20210930,1.7811773262349095,1.627593176025234,1.533208193031237,-0.020735422742029604,0.010543602024496224,0.00871026869116287,1.5636606123073071
20211029,1.9729557567264826,1.6051311764003386,1.5092378948730876,0.10766947662474369,-0.013800745761142874,-0.015634079094476228,1.6963028513683187
20211130,2.091661644601336,1.644065368324815,1.5430791554472616,0.060166522979617915,0.024256081058614765,0.02242274772528141,1.7220712109827172
20211231,1.8943371282424162,1.521753502173721,1.4254512798483991,-0.09433864070138813,-0.07439598723238183,-0.07622932056571519,1.6924589224783115
20220128,1.9210229299483486,1.5305032934940135,1.431034024479569,0.014087144948001794,0.005749808564786685,0.003916475231453331,1.7135264936759464
20220228,1.7435781230433476,1.4133685132133775,1.3188884135412013,-0.09236995776503935,-0.07653350422606853,-0.07836683755940199,1.58261731603367
20220331,1.4578589151173045,1.3468892082486588,1.2544351193770449,-0.16386946139662004,-0.04703607328394077,-0.048869406617274014,1.3392733704069757
20220429,1.6143421697400424,1.3746033149348524,1.2779470577062682,0.10733772177820558,0.020576381870510252,0.0187430485371769,1.4828589688338663
20220531,1.7549444925485813,1.5093230373903523,1.4008509594681533,0.08709573809323233,0.09800625459853829,0.09617292126520494,1.560769064746312
20220630,1.7793016148808243,1.4061150765779242,1.3024921250345636,0.013879141155553417,-0.0683802991511192,-0.07021363248445256,1.5702392155410547
20220729,1.7349750480522186,1.3779204562407183,1.273987390997425,-0.024912340020314398,-0.020051431640874973,-0.021884764974208326,1.543681230396192
20220831,1.5887193258908037,1.287898752115863,1.188420153452311,-0.08429845854302626,-0.06533156810114804,-0.0671649014344814,1.4125095658646982
20220930,1.8855852459150049,1.1900066019404083,1.095910521414836,0.1868586320983707,-0.0760091971629211,-0.07784253049625445,1.6764491711680392
20221031,2.0445823517359774,1.308971780355147,1.203459728099387,0.08432241722586065,0.09997018354415488,0.09813685021082152,1.8176567308524432
20221130,1.936210272401343,1.3176895246529994,1.2092684199198207,-0.05300450688260102,0.006659994072207631,0.004826660738874278,1.769366419085062
20221230,2.1571813886978615,1.41717972722135,1.298355454908308,0.11412557791177495,0.07550352393865345,0.0736701906053201,1.9611370142920004
20230131,2.2542239630995793,1.3899812891948267,1.2710571676685867,0.04498582034415544,-0.019191946867495036,-0.0210252802008285,1.963440824952041
20230228,2.1227603055287148,1.386199379435173,1.265268559348664,-0.05831880936537499,-0.002720835013429901,-0.004554168346763254,1.9507435830248026
20230331,2.0503844649657244,1.381267278880342,1.2584470719021479,-0.034095154490353094,-0.003558002281634831,-0.005391335614968185,1.919560143478197
20230428,1.9706049657177558,1.3047641362851283,1.1864393206079726,-0.0389095316566897,-0.055386197707678386,-0.05721953104101174,1.872061031137497
20230531,2.0092057794409723,1.3222382599661457,1.2001536340937995,0.019588306329653995,0.013392553638674531,0.011559220305341178,1.9064995861589482
20230630,2.01535244680128,1.3839112555416335,1.2539319699062321,0.0030592522792852583,0.04664287628242336,0.04480954294909001,1.9068278319743897
20230731,1.8622652607124448,1.3004890015020893,1.1760459997743018,-0.07596050325183147,-0.060280060376338596,-0.06211339370967195,1.8585829697353853
20230831,1.8586361683138224,1.2767096681097696,1.1523860120011868,-0.001948751595803333,-0.018284916954202757,-0.02011825028753611,1.8524733411180665
20230928,1.8153740474774274,1.2385599529777966,1.115838538775726,-0.023276271910517544,-0.029881276914316413,-0.031714610247649655,1.822209415379463
20231031,1.8952520541214155,1.2143770579142217,1.0920060765238833,0.04400085302254009,-0.019525009673882487,-0.021358343007215952,1.8852356344799486
20231130,1.8779564302580247,1.1939939366801817,1.0716749211519576,-0.009125764473268757,-0.016784837214439352,-0.018618170547772595,1.8711033834656416
20231229,1.4733708922081579,1.1211011384171328,1.0042849069745055,-0.21543925701954564,-0.06104955479566532,-0.06288288812899878,1.7482030341891157
20240131,1.5765377547590573,1.2280127125316604,1.0982153451624415,0.07002097238142277,0.09536300557635213,0.09352967224301878,1.8681667456131228
20240229,1.660276201019961,1.2377387398942787,1.1048999649585072,0.05311540812018245,0.007920135730978828,0.006086802397645474,1.885608049798603
20240329,1.6792025672025255,1.2634192255752383,1.125798674432744,0.011399528687418075,0.020747904911785353,0.018914571578452,1.8940597104354688
20240430,1.5965317123948035,1.2571583628793015,1.1181558249132284,-0.049232210825789664,-0.004955491074695506,-0.0067888244080288596,1.840003542999465
20240531,1.4154170546542566,1.2179312103428677,1.0812160206614547,-0.11344256824618552,-0.031203031928762615,-0.03303636526209608,1.6317583966006168
20240628,1.4620331590694033,1.2132777634845413,1.075102703054887,0.032934536334616675,-0.00382077971137329,-0.0056541130447066434,1.685467993823469
20240731,1.4097298473008588,1.1729742383299309,1.0374181538790304,-0.0357743676633408,-0.03321871245613084,-0.03505204578946419,1.6590842273350066
20240830,1.8416419278448812,1.4210683761787917,1.2549390809334138,0.3063793260609353,0.2115085990312071,0.20967526569787376,2.0343096240023355
20240930,1.9468092285588985,1.378820713965072,1.2153296391144872,0.05710518376234276,-0.02972950698355714,-0.031562840316890495,2.031297309369821
20241031,1.9678450352046388,1.3904001290023007,1.2233079424372508,0.010805273745959984,0.008398057064235465,0.006564723730902111,2.031297309369821
20241129,1.8945669124573814,1.3994555906743393,1.2290324272322137,-0.03723775065430247,0.006512845822688851,0.004679512489355497,2.031297309369821
20241231,1.8328490573659502,1.3601146351789002,1.1922291158221712,-0.03257623401190875,-0.028111614085933545,-0.0299449474192669,1.9798108104052343
20250127,1.9693604365749169,1.388608555812386,1.21502014081501,0.07448042633971837,0.020949646372813158,0.019116313039479804,2.058717016710669
20250228,2.0165143600369517,1.3901751493618928,1.2141633593180923,0.023943775139529347,0.0011281750662917034,-0.0007051582670416501,2.0846996962674806
20250331,2.022441967755417,1.3509770898115276,1.1777022482682344,0.0029395316174969364,-0.028196489894354304,-0.030029823227687658,2.0881018756891856
20250430,2.153702381595619,1.3784133656121176,1.1994604566026,0.06490194326113595,0.02030846859469504,0.018475135261361686,2.140495898765894
20250530,2.226504993724106,1.4153437167547658,1.229397303519881,0.03380346920290325,0.02679192763503746,0.024958594301704107,2.177727562686067
20250630,2.3761050671703137,1.4681045720065804,1.2729725963915095,0.06719054027181101,0.0372777683803831,0.03544443504704975,2.175453222151278
20250731,2.4942783056651203,1.6225086926591585,1.4045204305265326,0.04973401224026612,0.10517242681258132,0.10333909347924797,2.2075482083980775
20250829,2.4562370214652445,1.677417320410275,1.449476987228798,-0.015251419263630137,0.033841808059053013,0.03200847472571966,2.2028237433884175
20250930,2.4941858972040123,1.6804832237269585,1.4494688976072856,0.015450005600896528,0.0018277522709337912,-5.581062399562242e-06,2.2120618578690032
20251031,2.486132625024754,1.642280142131196,1.413860195285961,-0.0032288179434764508,-0.022733390644052887,-0.02456672397738624,2.210511445370019
20251128,2.4669715851816054,1.6827603780428069,1.446118076427932,-0.007707167208329449,0.024648800696743134,0.02281546736340978,2.20262344216129
20251231,2.582784237936762,1.7136133831201903,1.4699810855903497,0.04694527227261567,0.0183347584599467,0.016501425126613345,2.2509351568634686
20260130,2.6015407782648152,1.7183231455213448,1.4713262740818103,0.007262139846043236,0.0027484393198300427,0.0009151059864966893,2.2549085145478323
20260227,2.3588802402282787,1.626414085327696,1.38993106361875,-0.0932757003326263,-0.053487646042132075,-0.05532097937546543,2.252528570015298
20260331,2.538206833323046,1.7599671603413203,1.5015171163741392,0.07602191499022988,0.08211505066172342,0.08028171732839007,2.4192882930362076
20260430,2.304212440482555,1.7942445321949465,1.528008096867813,-0.09218885938233136,0.01947614286563093,0.017642809532297576,2.3077848492132746
20260529,2.240785907261502,1.82955652693444,1.5552790230710682,-0.02752633919803409,0.01968070355287388,0.017847370219540526,2.241900759530531
20260630,2.262867472595176,1.689161735628961,1.4330801365090824,0.009854384241759072,-0.07673706127064639,-0.07857039460397974,2.2639933110468364
