entry_i,entry_date,entry_px_g,entry_px,first_cond_i,cash_before_g,cash_before_n,unclear,exit_i,exit_date,exit_px_g,exit_px,hold_days,ret_n,ret_g,lag,chase,exit_cls,late_cls,code,regime,near_turning_entry,near_turning_exit,top_drawback,missed,open_at_end
10,20120229,1038.366,1039.404366,7,1000000.0,1000000.0,143,187,20121121,1132.56495,1131.43238505,177,0.08734215446537208,0.09071844609704094,0.014741518578351931,0.05583863003624501,提前结束(暂时反走),及时,600519.SH,震荡段,False,True,-0.17825466025255554,0.019894809055568174,
297,20130514,1028.9367,1029.9656366999998,294,1090718.446097041,1087342.154465372,49,354,20130806,942.52667,941.58414333,57,-0.08681544520706075,-0.08397992801695198,-0.005477228927883271,0.22218759738236216,提前结束(暂时反走),发现太晚,600519.SH,混合,True,True,-0.12644615077764054,0.040575243965074614,
483,20140220,810.1405,810.9506404999998,480,999119.9895070498,992944.0612330561,43,542,20140519,826.3974999999999,825.5711024999999,59,0.016909298123930494,0.02006688963210701,-0.0032004267235630213,0.26641253706056767,中性,发现太晚,600519.SH,上升段,False,True,-0.17605790645879726,0.05372347614542505,
584,20140717,943.80125,944.7450512499998,581,1019169.2200657196,1009734.0483848322,60,659,20141107,901.4162499999999,900.5148337499999,75,-0.04786528034893889,-0.044908819521059296,0.02884422781598439,0.14431804045676655,提前结束(暂时反走),发现太晚,600519.SH,混合,True,True,-0.12454169130691894,0.20886246960281007,
680,20141208,1034.145,1035.1791449999998,677,973399.5335003694,961402.8450810232,92,815,20150629,1521.2662500000001,1519.74498375,135,0.4664841085388276,0.4710376687988629,0.024328095613662448,0.16041237113402063,提前结束(暂时反走),发现太晚,600519.SH,上升段,False,True,-0.14951724137931044,0.14742134284787567,
904,20151110,1508.54,1510.0485399999998,901,1431907.380570284,1409881.9942153369,439,1489,20180402,4835.48,4830.64452,585,2.1954816529689856,2.205403900460047,0.015884743258219425,0.1252621349291596,提前结束(暂时反走),发现太晚,600519.SH,上升段,False,True,-0.14892498685956002,0.05105431873658217,
1522,20180523,5262.139999999999,5267.402139999999,1519,4589841.502777518,4505252.045366434,47,1584,20180820,4561.1029100000005,4556.5418070900005,62,-0.135905899466784,-0.13322281239191636,0.0009197641075580076,0.18285664673978919,提前结束(暂时反走),发现太晚,600519.SH,震荡段,True,True,-0.18614805094817477,0.07600806484936862,
1698,20190213,5214.276,5219.4902759999995,1695,3978369.909344357,3892961.7138163405,414,2242,20210511,13889.904,13876.014096,544,1.6555763734132376,1.663822168216642,0.04378708475897608,0.24222535308065019,提前结束(暂时反走),发现太晚,600519.SH,上升段,True,True,-0.25453217041874066,0.18427769270035732,
2345,20211013,13976.380000000001,13990.35638,2342,10597669.957877532,10338057.14981298,16,2368,20211115,13256.484320000001,13243.227835680002,23,-0.05444405455415202,-0.05150802139037425,0.016525331593824966,0.2213441316700413,提前结束(暂时反走),发现太晚,600519.SH,震荡段,True,False,-0.09682812379804617,0.23783458441691163,
2388,20211213,16098.996000000001,16115.094996,2385,10051804.946999049,9775211.402364621,25,2426,20220211,13879.218,13865.338782,38,-0.1405516699115248,-0.137883008356546,0.05433186490455233,0.24149855907780982,正确结束,发现太晚,600519.SH,震荡段,False,True,-0.16553749278290986,0.03324918782466746,
2481,20220506,13565.235260000001,13578.80049526,2478,8665831.841493608,8401289.116024096,46,2542,20220802,14202.648,14188.445351999999,61,0.04374777049290168,0.046988697783926,-0.010904632152588523,0.09238037917544406,提前结束(暂时反走),发现太晚,600519.SH,震荡段,True,True,-0.09485796822339909,0.03165991127565193,
2624,20221202,12351.770999999999,12364.122770999997,2621,9073027.994939875,8768826.78411643,180,2836,20231020,12661.84,12649.17816,212,0.02193002051361681,0.025103201799968833,0.022514071294559068,0.20309050772626924,提前结束(暂时反走),发现太晚,600519.SH,震荡段,True,False,-0.14987080103359185,0.12462006079027366,
3177,20250319,13230.491766000001,13243.722257766,3174,9300790.047633616,8961127.335372455,53,3236,20250617,11566.468,11554.901532,59,-0.12847802697459354,-0.12577187571184956,-0.0022849982493964305,0.15923007750610196,中性,发现太晚,600519.SH,震荡段,True,True,-0.13410194174757284,0.04174343293816363,
3300,20250915,12589.30035,12601.889650349998,3297,8131012.237740634,7809819.375855706,147,3451,20260508,11585.589024,11574.003434976,151,-0.08257601278455229,-0.07972733178933156,-0.004034139066103393,0.12744459764644045,正确结束,发现太晚,600519.SH,震荡段,True,False,-0.12436862244897962,-7.283374241617846e-05,
3511,20260804,11673.023777999999,11684.696801777998,3508,7482748.327279171,7164915.63123,11,3523,20260821,11005.270029,11005.270029,12,-0.05842918949386544,-0.057204864968964264,-0.008591822347550293,0.1575283153138476,期末持仓,发现太晚,600519.SH,震荡段,True,False,-0.06407494282962134,,True
211,20130109,577.32108,577.89840108,208,1000000.0,1000000.0,30,269,20130410,719.11924,718.4001207599999,58,0.24175826803985734,0.2456140350877194,-0.0018761726078799779,0.27884615384615397,提前结束(暂时反走),发现太晚,000001.SZ,上升段,False,True,-0.2148927559692433,0.07577319587628861,
359,20130822,634.08282,634.7169028199999,356,1245614.0350877193,1241758.2680398573,60,438,20131223,695.97304,695.27706696,79,0.09420828163437434,0.09760589318600377,0.006487488415199305,0.19078947368421062,提前结束(暂时反走),发现太晚,000001.SZ,上升段,True,True,-0.17529330572808843,0.03682008368200851,
668,20141203,932.22848,933.1607084799999,665,1367193.3055474784,1358742.180677169,29,713,20150206,972.72926,971.7565307399999,45,0.04021516371043221,0.04344512195121952,0.054662379421221985,0.25430210325047775,提前结束(暂时反走),发现太晚,000001.SZ,上升段,True,True,-0.17571690054911548,0.1554404145077719,
737,20150319,1099.9159200000001,1101.01583592,734,1426591.1854378795,1413384.219913371,63,817,20150714,1221.1147999999998,1219.8936852,80,0.10675265953123247,0.11018922246347662,0.00454250486696961,0.1709531013615735,正确结束,发现太晚,000001.SZ,上升段,True,True,-0.2074285714285714,0.006488824801730297,
895,20151110,1100.7232000000001,1101.8239232,892,1583786.158934529,1564266.7443285997,47,949,20160126,887.45808,886.57062192,54,-0.1962457266815958,-0.1937500000000001,0.06048053024026534,0.2981744421906696,正确结束,发现太晚,000001.SZ,震荡段,True,True,-0.2448355011476664,0.04457953394123626,
1086,20160817,997.2961599999999,998.2934561599998,1083,1276927.5906409638,1257286.0803639796,85,1175,20161229,950.1550599999999,949.2049049399999,89,-0.050218062797481866,-0.04726890756302515,0.00210526315789461,0.06846240179573493,中性,及时,000001.SZ,震荡段,True,False,-0.07157464212678932,0.03083700440528636,
1308,20170719,1151.29042,1152.44171042,1305,1216568.6183942796,1194147.6090258614,142,1478,20180329,1160.89428,1159.73338572,170,0.005220525358070827,0.008341822213720818,0.008256880733944927,0.2197558268590456,提前结束(暂时反走),发现太晚,000001.SZ,上升段,True,True,-0.27493438320209973,0.0805429864253393,
1618,20181026,1219.6699899999999,1220.8896599899997,1615,1226717.0175197166,1200381.6869000606,20,1643,20181130,1104.0768200000002,1102.9727431800002,25,-0.09757624039229673,-0.09477413640389698,0.04151291512915134,0.16632231404958664,提前结束(暂时反走),发现太晚,000001.SZ,上升段,True,True,-0.08399646330680821,0.02895752895752901,
1688,20190212,1209.9472,1211.1571471999998,1685,1110455.9715723214,1083252.9548565897,48,1761,20190530,1330.9419200000002,1329.6109780800002,73,0.09659497755069135,0.10000000000000009,0.009009009009009139,0.22404371584699434,提前结束(暂时反走),发现太晚,000001.SZ,上升段,True,True,-0.17654986522911043,0.1453270118971275,
1787,20190708,1508.71558,1510.22429558,1784,1221501.5687295536,1187889.749712682,89,1890,20191206,1688.84443,1687.15558557,103,0.11592713476576688,0.11939218523878448,-0.013561741613133393,0.20392931594666797,提前结束(暂时反走),发现太晚,000001.SZ,上升段,True,True,-0.11363636363636376,0.11154253426409433,
1908,20200102,1817.6705099999997,1819.4881805099994,1905,1367339.3102927783,1325598.4048144973,43,1961,20200325,1406.101872,1404.695770128,53,-0.22882100404843542,-0.2264264264264264,0.00120631427117468,0.39798488664987364,提前结束(暂时反走),发现太晚,000001.SZ,震荡段,True,True,-0.25778546712802775,0.06449106449106456,
2071,20200903,1701.266084,1702.967350084,2068,1057737.5565508099,1022273.6468598397,104,2198,20210317,2382.00105,2379.61904895,127,0.3958002500269209,0.4001343307799696,0.01591511936339529,0.14072970960536124,中性,发现太晚,000001.SZ,上升段,True,True,-0.16238640853417619,0.042924528301886866,
2242,20210524,2627.92856,2630.5564885599997,2239,1480974.6658821085,1426889.8118828963,26,2278,20210714,2350.362,2348.011638,36,-0.10839033109166374,-0.1056218057921634,-0.005084745762711895,0.1945777659423884,提前结束(暂时反走),发现太晚,000001.SZ,震荡段,False,False,-0.17488076311605716,0.051059730250481605,
2458,20220413,1778.44058,1780.2190205799998,2455,1324551.4473391944,1272228.7527415873,15,2477,20220513,1622.869,1621.2461309999999,19,-0.09030109419960974,-0.08747640025173065,-0.031097560975609673,0.2019667170953101,提前结束(暂时反走),发现太晚,000001.SZ,震荡段,True,True,-0.11615245009074415,0.031485284052019225,
2615,20221202,1497.121668,1498.6187896679999,2612,1208684.4547777418,1157345.1042968172,60,2696,20230404,1440.153568,1438.713414432,81,-0.041029437094178944,-0.03805175038051756,0.011547344110854452,0.2683397683397686,提前结束(暂时反走),发现太晚,000001.SZ,震荡段,True,True,-0.19631512071156287,0.06640316205533603,
2776,20230802,1407.55878,1408.96633878,2773,1162691.8956157272,1109859.886143815,45,2831,20231026,1203.31103,1202.1077189700002,55,-0.14775409177237842,-0.14510779436152565,-0.01631321370309935,0.17087378640776696,提前结束(暂时反走),发现太晚,000001.SZ,震荡段,True,True,-0.16919393455706289,0.026897214217098897,
2967,20240521,1321.1911599999999,1322.5123511599998,2964,993976.2391209077,945873.5466720402,15,2991,20240625,1249.245504,1247.9962584959999,24,-0.05738205527270224,-0.054455144855798054,0.013428827215756556,0.125248508946322,提前结束(暂时反走),发现太晚,000001.SZ,震荡段,True,False,-0.08006845838050791,0.039677551185784754,
3221,20250609,1498.907493,1500.4064004929999,3218,939849.1190363574,891597.3785359183,254,3514,20260821,1586.08128,1586.08128,293,0.05678408049946282,0.05815821683933664,-0.00929054054054057,0.07713498622589521,期末持仓,及时,000001.SZ,震荡段,False,True,-0.09714068782834862,,True
44,20120420,28.2,28.228199999999998,41,1000000.0,1000000.0,22,71,20120531,24.79,24.76521,27,-0.12364314979104996,-0.12092198581560298,-0.08023483365949124,0.2853236098450318,正确结束,发现太晚,002594.SZ,预热期,False,True,-0.1307420494699646,0.0024390243902439046,
216,20121231,19.48,19.49948,213,879078.0141843971,876356.85020895,28,266,20130321,23.95,23.92605,50,0.22566033751815628,0.22946611909650927,0.027968337730870818,0.32336956521739135,正确结束,发现太晚,002594.SZ,上升段,True,True,-0.1598140865212727,0.02765957446808498,
305,20130522,35.99,36.02599,302,1080796.6344823567,1074115.83281345,65,379,20130906,33.15,33.11685,74,-0.08176201708036568,-0.07891080855793287,-0.011263736263736224,0.8031062124248498,提前结束(暂时反走),发现太晚,002594.SZ,上升段,False,True,-0.07544303797468344,0.17634173055859792,
443,20131216,38.79,38.82879,440,995510.0981686614,986293.9557446655,57,517,20140408,49.03,48.98097,74,0.26007292763623213,0.2639855632895076,0.04050429184549342,0.1178674351585014,提前结束(暂时反走),发现太晚,002594.SZ,上升段,True,True,-0.1619160060718503,0.03904206077681627,
605,20140813,51.901849999999996,51.95375184999999,602,1258310.3921941083,1242802.3123251009,38,647,20141020,47.877829999999996,47.82995217,42,-0.0803868190365642,-0.07753134040501442,0.008782312925169844,0.16633370786516855,正确结束,发现太晚,002594.SZ,震荡段,True,False,-0.11217535457727013,0.009543568464730257,
777,20150505,61.06099999999999,61.12206099999999,774,1160751.9008417397,1142897.3877459995,29,817,20150713,55.95589999999999,55.89994409999999,40,-0.08644323032662249,-0.08360655737704914,-0.0031050825298251095,0.4424213762118705,提前结束(暂时反走),发现太晚,002594.SZ,上升段,False,True,-0.3210045662100457,0.14122394082044365,
837,20150810,66.01594999999999,66.08196594999998,834,1063705.430443496,1044101.6456173769,92,955,20160202,48.658609999999996,48.60995139,118,-0.2652080521229706,-0.26292645943896886,0.10933557611438172,0.6549560853199496,提前结束(暂时反走),发现太晚,002594.SZ,混合,True,True,-0.32567152211679806,0.12267142290923494,
992,20160331,58.88882999999999,58.947718829999985,989,784029.1277309832,767197.4819648042,100,1110,20160921,56.576519999999995,56.519943479999995,118,-0.042239609797644184,-0.03926568077511461,0.013436692506459957,0.20061224489795926,提前结束(暂时反走),发现太晚,002594.SZ,震荡段,True,True,-0.13358778625954193,0.028193832599118895,
1285,20170615,52.113600000000005,52.1657136,1282,753243.6902831069,734791.3596888757,147,1454,20180222,62.72376,62.66103624,169,0.1998710542335298,0.20359675785207698,0.023762376237623783,0.11015675327464036,提前结束(暂时反走),发现太晚,002594.SZ,震荡段,False,True,-0.15555555555555545,0.08311938382541717,
1618,20181025,48.107600000000005,48.1557076,1615,906601.6634972814,881654.8833915802,27,1666,20190103,50.048159999999996,49.99811183999999,48,0.0371175692454071,0.04033790918690583,-0.0531893621275743,0.1096789313334896,提前结束(暂时反走),发现太晚,002594.SZ,上升段,True,True,-0.18680203045685273,0.11610486891385774,
1701,20190228,56.00192,56.05792191999999,1698,943172.0790681326,914379.7695764186,49,1757,20190523,50.0888,50.0387112,56,-0.1083564389555175,-0.10558780841799709,0.0010897203051216664,0.1951431049436252,中性,发现太晚,002594.SZ,震荡段,False,True,-0.23733974358974352,0.09077537297751603,
1788,20190708,54.12232,54.17644231999999,1785,843584.6062782826,815300.8338921512,22,1826,20190829,50.72582,50.67509418,38,-0.06565720954546861,-0.06275599419980527,-0.002434456928838813,0.11677148846960161,提前结束(暂时反走),发现太晚,002594.SZ,震荡段,True,False,-0.15271786022433131,0.056415478615071235,
1911,20200106,48.299888,48.348187888,1908,790644.6156196377,761770.456198699,21,1965,20200330,56.056000000000004,55.999944000000006,54,0.15698984759515855,0.16058240135049595,-0.005678597110120531,0.10256574263225304,提前结束(暂时反走),发现太晚,002594.SZ,上升段,False,True,-0.25817941952506596,0.10955006224435349,
2024,20200629,72.87280000000001,72.94567280000001,2021,917608.226610679,881360.684019827,106,2197,20210315,182.121,181.93887900000001,173,1.491426828747044,1.4991629249871,0.05147058823529416,0.29271379497378414,正确结束,发现太晚,002594.SZ,上升段,True,True,-0.36254892636353664,0.03655457362561698,
2257,20210611,218.586,218.804586,2254,2293252.45960857,2195845.6539698434,37,2319,20210908,283.45799999999997,283.174542,62,0.2927660639771643,0.29678021465235616,0.056654011143434824,0.5201815989217564,正确结束,发现太晚,002594.SZ,上升段,True,True,-0.1503624330286797,0.06643421491895118,
2492,20220602,301.92,302.22191999999995,2489,2973844.4168232456,2838714.743183957,51,2558,20220905,274.4607,274.18623929999995,66,-0.09376287169675601,-0.09094892686804468,-0.007111230377029321,0.3527718111603675,提前结束(暂时反走),发现太晚,002594.SZ,混合,True,True,-0.25085256908314246,0.0667137966959368,
2926,20240315,215.24999999999997,215.46524999999994,2923,2703376.458440645,2572548.69693511,138,3096,20241127,289.780928,289.491147072,170,0.342085567457622,0.3462528594657379,0.023890784982935287,0.2901640351416108,提前结束(暂时反走),发现太晚,002594.SZ,上升段,True,True,-0.16873742752337006,0.04626334519572972,
3151,20250221,379.76160000000004,380.1413616,3148,3639428.287388078,3452580.477738523,68,3235,20250626,357.256056,356.898799944,84,-0.06217432508574661,-0.05926229508196745,0.027454943574195534,0.39582777163342375,正确结束,发现太晚,002594.SZ,混合,True,True,-0.19075255407933245,0.026967757230915268,
3408,20260316,313.950533,314.264483533,3405,3423747.4142912263,3237918.6167309056,39,3453,20260522,294.673145,294.378471855,45,-0.06430803332937651,-0.061402628674626425,0.004535375932271712,0.1605728924080112,提前结束(暂时反走),发现太晚,002594.SZ,震荡段,True,True,-0.16159899839026992,0.06133333333333324,
3,20120221,41.98644,42.02842644,0,1000000.0,1000000.0,17,30,20120329,38.81706,38.77824294,27,-0.0783476102526125,-0.07548579970104641,0.011592741935483986,0.11191135734072022,提前结束(暂时反走),发现太晚,601318.SH,预热期,False,False,-0.14123222748815167,0.1926048565121412,
53,20120508,44.12028,44.164400279999995,50,924514.2002989536,921652.3897473875,60,126,20120821,43.342400000000005,43.299057600000005,73,-0.020671793416602524,-0.017630894454885526,-0.02089136490250698,0.1684210526315788,正确结束,发现太晚,601318.SH,震荡段,False,True,-0.1185586806271185,0.03701899659035557,
208,20121220,43.9824,44.026382399999996,205,908214.1880114399,902600.1819446115,36,264,20130320,43.876799999999996,43.832923199999996,56,-0.0054890032253365195,-0.0024009603841537164,-0.02023053399200192,0.2037572254335258,提前结束(暂时反走),发现太晚,601318.SH,上升段,False,True,-0.19110193354608596,0.01624506846135998,
382,20130912,40.622,40.662622,379,906033.6017256981,897645.8066347282,21,408,20131029,38.21675,38.17853325,26,-0.06212271656848789,-0.05921052631578949,0.015117559919474166,0.1534311609840311,提前结束(暂时反走),发现太晚,601318.SH,震荡段,True,True,-0.06936708860759488,0.13928182807399359,
432,20131202,44.288669999999996,44.33295866999999,429,852386.8753077291,841881.6106102673,53,491,20140303,40.910630000000005,40.869719370000006,59,-0.07913260503225672,-0.07627323195751845,-0.00024131274131267144,0.15243393602225286,正确结束,发现太晚,601318.SH,混合,False,True,-0.14957456336766684,0.010795155344918594,
594,20140730,47.28340000000001,47.330683400000005,591,787372.5734498383,775261.3256339248,160,815,20150629,85.95200000000001,85.866048,221,0.8121780103960563,0.81780498018332,0.029688972667295088,0.12803304078471855,提前结束(暂时反走),发现太晚,601318.SH,上升段,True,True,-0.1885471898197243,0.12428123366440169,
879,20150929,67.14744,67.21458744,876,1431289.785276873,1404911.526624295,57,958,20160126,65.89173,65.82583826999999,79,-0.021738374536472205,-0.018700787401574992,-0.02119460500963377,0.24385117674845125,中性,发现太晚,601318.SH,震荡段,True,True,-0.2283526927138333,0.08279165241190567,
1112,20160909,79.3632,79.4425632,1109,1404523.5392923644,1374371.033667929,315,1504,20180425,150.83536,150.68452464,392,0.8946873730010247,0.9005705415104228,0.008252703471826939,0.10228335401188726,正确结束,发现太晚,601318.SH,震荡段,True,True,-0.19414370078740173,0.00595419847328249,
1608,20180921,153.47328,153.62675327999997,1605,2669396.0636370247,2604003.4433089914,50,1665,20181219,143.411,143.26758900000002,57,-0.06845624957397278,-0.06556372549019607,0.018091079226450146,0.13928941038315523,正确结束,发现太晚,601318.SH,混合,True,False,-0.13396715643906665,0.0009980039920161055,
1696,20190211,147.83088,147.97871088,1693,2494380.512896117,2425743.1337023466,32,1768,20190528,184.69439999999997,184.50970559999996,72,0.2454954141561707,0.2493627853666296,0.026612244897959325,0.14452129595922836,提前结束(暂时反走),发现太晚,601318.SH,上升段,True,True,-0.09954843464441454,0.13262565545466187,
1788,20190626,206.89874999999998,207.10564874999994,1785,3116386.1853561345,3021251.9489470916,94,1899,20191206,204.26940000000002,204.06513060000003,111,-0.015764526424406178,-0.012708389973356327,-0.013868364215073314,0.17261255859201752,中性,发现太晚,601318.SH,震荡段,True,False,-0.08389189189189183,0.025083267756970562,
1999,20200511,179.031768,179.210799768,1996,3076781.9344050484,2973623.3427631264,145,2159,20201231,211.70686500000002,211.49515813500003,160,0.17884962015132522,0.1825100503950785,0.008303976806680602,0.09833111759299129,提前结束(暂时反走),发现太晚,601318.SH,震荡段,True,True,-0.08074402874656517,0.02665034837197955,
2519,20220630,123.77664,123.90041663999999,2516,3638325.560307981,3505454.7480894253,17,2545,20220805,109.20379199999999,109.09458820799999,26,-0.12046607181297542,-0.11773504273504276,0.0,0.15470022205773493,中性,发现太晚,601318.SH,震荡段,False,False,-0.12639327024185065,0.06596051998074137,
2571,20220913,118.169664,118.28783366399999,2568,3209967.1449811226,3083166.384668949,16,2596,20221025,101.631352,101.52972064800001,25,-0.14261620735968872,-0.1399539563724238,0.02477064220183478,0.1758701563405265,提前结束(暂时反走),发现太晚,601318.SH,震荡段,False,True,-0.15416640133303616,0.1386532343584308,
2624,20221202,121.21120800000001,121.332419208,2621,2760719.5432155207,2643456.8882285804,171,2831,20231013,133.41369,133.28027631,207,0.0972641347167773,0.10067123495708397,0.0008932559178205235,0.23233434149023946,正确结束,发现太晚,601318.SH,震荡段,False,True,-0.117229660130581,0.0033354179695643804,
2917,20240221,119.951484,120.07143548399998,2914,3038644.589001184,2900570.435123238,15,2942,20240327,115.970164,115.854193836,25,-0.03618381860172459,-0.03319108582266472,-0.014025245441795287,0.12121212121212133,正确结束,发现太晚,601318.SH,震荡段,True,True,-0.08548931383577063,0.027798277982779895,
2976,20240521,128.19850399999999,128.32670250399997,2973,2937788.67566307,2795616.720657213,15,2998,20240621,117.989262,117.871272738,22,-0.08248516539126038,-0.07963620230700963,0.047154471544715415,0.1963906581740975,提前结束(暂时反走),发现太晚,601318.SH,震荡段,False,False,-0.09511400651465785,0.03558998492723431,
3066,20240927,152.95968,153.11263967999997,3063,2703834.3423527237,2565019.81308323,66,3136,20250113,145.22184,145.07661815999998,70,-0.053526331700496255,-0.050587448927717604,0.11612903225806437,0.2410329985652797,提前结束(暂时反走),发现太晚,601318.SH,上升段,True,True,-0.21359372406585198,0.0779995883926734,
3212,20250513,158.132445,158.29057744499997,3209,2567054.2606499465,2427723.711749792,175,3423,20260325,183.2688,183.0855312,211,0.15537008246325112,0.15895760670746606,0.015973826020015514,0.1231914893617021,中性,发现太晚,601318.SH,震荡段,False,True,-0.2148771367521367,0.0178601803027727,
3509,20260731,177.79308899999998,177.97088208899996,3506,2975107.062211066,2804919.3450423474,11,3523,20260821,172.741965,172.741965,14,-0.029671843362247152,-0.028410125660171093,0.028084628346751517,0.17078891257995732,期末持仓,发现太晚,601318.SH,震荡段,True,False,-0.040122346167686174,,True
9,20120228,486.4989,486.98539889999995,6,1000000.0,1000000.0,153,187,20121120,419.2704,418.8511296,178,-0.14085610681158556,-0.13818839055956755,0.012544802867383575,0.18168233275744505,正确结束,发现太晚,000858.SZ,震荡段,False,True,-0.2670037926675094,0.010003449465332936,
220,20130109,409.66212,410.07178211999997,217,861811.6094404324,859143.8931884144,36,265,20130320,325.95362,325.62766638,45,-0.206798425167669,-0.20433546552949533,0.008602150537634579,0.2761904761904763,提前结束(暂时反走),发现太晚,000858.SZ,下降段,True,True,-0.20902203856749324,0.01697866782760138,
314,20130604,345.7525,346.09825249999994,311,685712.9330266981,681474.2890846303,76,394,20131008,270.03648000000004,269.76644352000005,80,-0.2214066743132267,-0.21898907455477545,-0.01041666666666663,0.2948431945930585,提前结束(暂时反走),发现太晚,000858.SZ,混合,False,True,-0.22388901968317887,0.03209739900387398,
501,20140314,265.2144,265.4796144,498,535549.2924129408,530591.3331084319,113,645,20141016,277.88504,277.60715496,144,0.0445317215754939,0.04777508310257672,0.06088004822182036,0.19484046164290558,中性,发现太晚,000858.SZ,混合,True,True,-0.13022113022113035,0.027683615819209084,
680,20141204,305.0149,305.31991489999996,677,561135.2043634951,554219.4786247867,23,727,20150211,332.14476,331.81261524,47,0.08557521030725113,0.08894601542416458,0.03183023872679036,0.13742690058479523,中性,发现太晚,000858.SZ,上升段,True,True,-0.15310621242484967,0.08187411263606248,
748,20150319,356.76550000000003,357.12226549999997,745,611045.9449058523,601646.9270644779,119,899,20160125,388.7514,388.3626486,151,0.08628224920290695,0.08965524973687189,0.02569882777276833,0.12068965517241392,正确结束,发现太晚,000858.SZ,震荡段,True,True,-0.2779911373707532,0.010229132569558042,
942,20160331,451.9435,452.39544349999994,939,665829.4216970893,653558.3771576184,95,1059,20160920,532.44996,531.91751004,117,0.17448701991422788,0.17813390390613004,0.006054131054131107,0.2662483191393994,提前结束(暂时反走),发现太晚,000858.SZ,上升段,False,True,-0.14194543325647646,0.05656317245619413,
1146,20170203,607.4383,608.0457382999999,1143,784436.2159195527,767595.8307278303,113,1299,20170913,896.3181900000001,895.4218718100001,153,0.47100316113112184,0.47557075344113153,-0.0085515766969535,0.10252600297176828,提前结束(暂时反走),发现太晚,000858.SZ,上升段,False,True,-0.06657608695652173,0.1308224163027656,
1320,20171019,1019.66013,1020.6797901299999,1317,1157491.1381509246,1129135.8934717078,45,1404,20180222,1300.2714,1298.9711286000002,84,0.27125343465965024,0.2752007867562696,0.022799664710813072,0.2045409674234946,提前结束(暂时反走),发现太晚,000858.SZ,上升段,True,True,-0.14037347070186756,0.010986267166042563,
1452,20180507,1224.72864,1225.95336864,1449,1476033.610033469,1435417.8827734014,59,1524,20180816,1061.16825,1060.10708175,72,-0.13623034874057272,-0.13354826910882078,0.028924459421510784,0.17659586793651894,提前结束(暂时反走),发现太晚,000858.SZ,震荡段,True,True,-0.2811960018630323,0.08225674570727737,
1598,20181206,920.2012499999998,921.1214512499997,1595,1278911.876267055,1239870.4040147264,19,1620,20190109,841.2052499999999,840.3640447499998,22,-0.08867617793659688,-0.08584643848288631,-0.018878199310219834,0.1260416666666666,提前结束(暂时反走),发现太晚,000858.SZ,混合,True,True,-0.08134410576569961,0.33459924045572653,
1640,20190213,1114.797,1115.911797,1637,1169121.8465560626,1129923.4354499963,113,1803,20191015,2269.313,2267.0436870000003,163,1.0293276699218796,1.0356289082227526,0.07028440666884617,0.36416666666666675,中性,发现太晚,000858.SZ,上升段,True,True,-0.07274633123689722,0.029693270027884466,
1931,20200422,2191.9891500000003,2194.18113915,1928,2379898.228084286,2292984.892451866,204,2228,20210713,4802.943250000001,4798.140306750001,297,1.1843519889067613,1.1911345911543405,-0.017699115044247593,0.2829767819121971,提前结束(暂时反走),发现太晚,000858.SZ,上升段,True,True,-0.2198637435360925,0.03612318840579731,
2323,20211202,3910.135,3914.045135,2320,5214677.330982402,5008686.11036039,18,2353,20220114,3669.25225,3665.58299775,30,-0.06450949351863278,-0.06160471441523119,-0.018377608685978708,0.12036566785170133,提前结束(暂时反走),发现太晚,000858.SZ,上升段,True,True,-0.19443256483029425,0.055598455598455665,
2448,20220613,3105.2427500000003,3108.34799275,2445,4893428.623239651,4685578.30618723,18,2485,20220803,3165.3475359999998,3162.182188464,37,0.01620051507466469,0.019355905750041424,-0.016504799865266984,0.1710561497326204,提前结束(暂时反走),发现太晚,000858.SZ,上升段,True,True,-0.14834146341463417,0.03975027206598325,
2567,20221205,3039.367136,3042.4065031359996,2564,4988145.366465633,4761487.088170138,49,2634,20230316,3437.4652,3434.0277348,67,0.12747965587281973,0.13098057792515405,0.07662884100471734,0.20878963567389586,提前结束(暂时反走),发现太晚,000858.SZ,上升段,True,True,-0.13047432807312753,0.05648535564853563,
2724,20230728,3264.9795,3268.2444794999997,2721,5641495.52933998,5368479.823612942,15,2748,20230831,2906.2553,2903.3490447,24,-0.11262565063297925,-0.10987027636773838,-0.012256267409470722,0.14144080345071774,提前结束(暂时反走),发现太晚,000858.SZ,震荡段,True,False,-0.17319828180516517,0.0790199474055544,
2876,20240315,2743.835,2746.578835,2873,5021662.856404036,4763851.290568513,48,2940,20240621,2430.96415,2428.53318585,64,-0.11676935334675564,-0.11402684563758403,0.004652417234171535,0.21226914002115382,中性,发现太晚,000858.SZ,混合,True,True,-0.1852315394242804,0.06332875548509742,
3119,20250319,2719.0201100000004,2721.73913011,3116,4449058.481032864,4207579.4559287205,55,3178,20250617,2303.227282,2300.9240547179998,59,-0.15554221493588383,-0.15292010032246528,-0.00887784090909094,0.19273504273504272,中性,发现太晚,000858.SZ,震荡段,True,True,-0.16393209745010306,0.06651941211451895,
3200,20250717,2440.9805760000004,2443.421556576,3197,3768708.0117728035,3553123.2278348464,43,3259,20251016,2433.51465,2431.0811353500003,59,-0.0061445837777388546,-0.0030585765709920665,-0.0010365999521568803,0.07076923076923092,中性,及时,000858.SZ,震荡段,True,False,-0.06909366704588538,0.001792406713377881,
