rebal_date,sel_date,ts_code,name,dv_ttm,volatility,score,weight
20200108,20200107,601988.SH,中国银行,4.95,0.1418,-0.1418,0.1036
20200108,20200107,601288.SH,农业银行,4.67,0.1419,-0.1419,0.1025
20200108,20200107,601857.SH,中国石油,2.74,0.1439,-0.1439,0.0283
20200108,20200107,600023.SH,浙能电力,4.5,0.1526,-0.1526,0.1059
20200108,20200107,002039.SZ,黔源电力,2.01,0.1558,-0.1558,0.044
20200108,20200107,600377.SH,宁沪高速,4.07,0.1632,-0.1632,0.0853
20200108,20200107,601158.SH,重庆水务,4.94,0.1656,-0.1656,0.1108
20200108,20200107,601006.SH,大秦铁路,5.91,0.1669,-0.1669,0.1079
20200108,20200107,600900.SH,长江电力,3.74,0.169,-0.169,0.0837
20200108,20200107,002394.SZ,联发股份,6.25,0.1697,-0.1697,0.0837
20200108,20200107,600508.SH,上海能源,2.94,0.1715,-0.1715,0.046
20200108,20200107,600033.SH,福建高速,4.81,0.1742,-0.1742,0.0983
20200408,20200407,601288.SH,农业银行,5.08,0.1344,-0.1344,0.0995
20200408,20200407,601988.SH,中国银行,5.24,0.137,-0.137,0.098
20200408,20200407,600900.SH,长江电力,3.94,0.1674,-0.1674,0.0787
20200408,20200407,601006.SH,大秦铁路,6.98,0.1729,-0.1729,0.1136
20200408,20200407,601158.SH,重庆水务,5.31,0.1732,-0.1732,0.1063
20200408,20200407,601857.SH,中国石油,3.59,0.1755,-0.1755,0.033
20200408,20200407,600023.SH,浙能电力,5.28,0.183,-0.183,0.1108
20200408,20200407,002039.SZ,黔源电力,2.18,0.1862,-0.1862,0.0426
20200408,20200407,600033.SH,福建高速,5.43,0.1936,-0.1936,0.0991
20200408,20200407,600508.SH,上海能源,3.47,0.2005,-0.2005,0.0485
20200408,20200407,600377.SH,宁沪高速,4.71,0.204,-0.204,0.088
20200408,20200407,002394.SZ,联发股份,6.86,0.2146,-0.2146,0.0819
20200707,20200706,601158.SH,重庆水务,4.67,0.1631,-0.1631,0.1178
20200707,20200706,600900.SH,长江电力,3.52,0.1744,-0.1744,0.0814
20200707,20200706,002039.SZ,黔源电力,1.95,0.1781,-0.1781,0.0401
20200707,20200706,601006.SH,大秦铁路,6.85,0.1868,-0.1868,0.129
20200707,20200706,601857.SH,中国石油,3.04,0.1935,-0.1935,0.0378
20200707,20200706,002394.SZ,联发股份,5.27,0.208,-0.208,0.0873
20200707,20200706,600508.SH,上海能源,2.59,0.2109,-0.2109,0.049
20200707,20200706,600377.SH,宁沪高速,4.44,0.2114,-0.2114,0.0959
20200707,20200706,601328.SH,交通银行,5.29,0.1561,-0.1561,0.1139
20200707,20200706,600015.SH,华夏银行,5.92,0.1719,-0.1719,0.0534
20200707,20200706,600028.SH,中国石化,7.26,0.1754,-0.1754,0.1376
20200707,20200706,601985.SH,中国核电,2.65,0.1873,-0.1873,0.0569
20201015,20201014,601328.SH,交通银行,6.91,0.1633,-0.1633,0.1161
20201015,20201014,600028.SH,中国石化,4.85,0.1686,-0.1686,0.1229
20201015,20201014,601006.SH,大秦铁路,7.36,0.1718,-0.1718,0.1137
20201015,20201014,601158.SH,重庆水务,4.88,0.1786,-0.1786,0.1008
20201015,20201014,600900.SH,长江电力,3.45,0.1825,-0.1825,0.0674
20201015,20201014,600015.SH,华夏银行,4.02,0.1835,-0.1835,0.0504
20201015,20201014,600377.SH,宁沪高速,4.88,0.2096,-0.2096,0.0865
20201015,20201014,002039.SZ,黔源电力,2.03,0.2121,-0.2121,0.0343
20201015,20201014,601985.SH,中国核电,2.65,0.2173,-0.2173,0.0459
20201015,20201014,600033.SH,福建高速,1.86,0.169,-0.169,0.0965
20201015,20201014,600795.SH,国电电力,2.46,0.1951,-0.1951,0.07
20201015,20201014,600023.SH,浙能电力,5.33,0.2032,-0.2032,0.0955
20210108,20210107,601328.SH,交通银行,7.0,0.1628,-0.1628,0.1183
20210108,20210107,600033.SH,福建高速,1.91,0.1714,-0.1714,0.0996
20210108,20210107,601006.SH,大秦铁路,7.37,0.1741,-0.1741,0.1145
20210108,20210107,601158.SH,重庆水务,5.06,0.1751,-0.1751,0.1052
20210108,20210107,600028.SH,中国石化,6.31,0.1778,-0.1778,0.1176
20210108,20210107,600015.SH,华夏银行,3.99,0.1892,-0.1892,0.0504
20210108,20210107,600900.SH,长江电力,3.42,0.1915,-0.1915,0.0674
20210108,20210107,600377.SH,宁沪高速,4.98,0.2042,-0.2042,0.0888
20210108,20210107,600023.SH,浙能电力,5.62,0.2129,-0.2129,0.1012
20210108,20210107,600795.SH,国电电力,2.3,0.213,-0.213,0.0658
20210108,20210107,002039.SZ,黔源电力,2.16,0.229,-0.229,0.0366
20210108,20210107,601857.SH,中国石油,3.61,0.1981,-0.1981,0.0346
20210408,20210407,600033.SH,福建高速,1.85,0.1277,-0.1277,0.1012
20210408,20210407,601328.SH,交通银行,6.47,0.1495,-0.1495,0.1145
20210408,20210407,601006.SH,大秦铁路,7.01,0.1539,-0.1539,0.114
20210408,20210407,600377.SH,宁沪高速,4.69,0.1771,-0.1771,0.0876
20210408,20210407,601857.SH,中国石油,3.61,0.179,-0.179,0.0363
20210408,20210407,600015.SH,华夏银行,3.91,0.1866,-0.1866,0.0517
20210408,20210407,600023.SH,浙能电力,5.17,0.2016,-0.2016,0.0975
20210408,20210407,600900.SH,长江电力,3.14,0.2084,-0.2084,0.0648
20210408,20210407,600649.SH,城投控股,1.43,0.173,-0.173,0.0631
20210408,20210407,600170.SH,上海建工,4.67,0.1797,-0.1797,0.0871
20210408,20210407,600897.SH,厦门空港,2.86,0.1943,-0.1943,0.1184
20210408,20210407,600820.SH,隧道股份,3.88,0.1954,-0.1954,0.0637
20210707,20210706,600033.SH,福建高速,5.64,0.1301,-0.1301,0.118
20210707,20210706,601328.SH,交通银行,6.42,0.1511,-0.1511,0.1305
20210707,20210706,600649.SH,城投控股,1.53,0.1528,-0.1528,0.0776
20210707,20210706,600377.SH,宁沪高速,4.68,0.1614,-0.1614,0.1005
20210707,20210706,600170.SH,上海建工,10.23,0.1807,-0.1807,0.1076
20210707,20210706,601988.SH,中国银行,12.56,0.1486,-0.1486,0.1277
20210707,20210706,600790.SH,轻纺城,3.29,0.1693,-0.1693,0.0959
20210707,20210706,600959.SH,江苏有线,0.99,0.1786,-0.1786,0.0888
20210707,20210706,000598.SZ,兴蓉环境,1.95,0.1876,-0.1876,0.0296
20210707,20210706,600062.SH,华润双鹤,2.58,0.1891,-0.1891,0.0301
20210707,20210706,000952.SZ,广济药业,0.78,0.1898,-0.1898,0.0263
20210707,20210706,600611.SH,大众交通,3.51,0.1917,-0.1917,0.0673
20211014,20211013,601988.SH,中国银行,6.42,0.1042,-0.1042,0.1085
20211014,20211013,600649.SH,城投控股,2.09,0.1289,-0.1289,0.0701
20211014,20211013,601328.SH,交通银行,6.95,0.1315,-0.1315,0.1186
20211014,20211013,600790.SH,轻纺城,3.27,0.1385,-0.1385,0.0804
20211014,20211013,600033.SH,福建高速,3.48,0.1393,-0.1393,0.0923
20211014,20211013,600959.SH,江苏有线,1.0,0.1547,-0.1547,0.0754
20211014,20211013,600062.SH,华润双鹤,2.37,0.157,-0.157,0.0245
20211014,20211013,600377.SH,宁沪高速,5.31,0.1675,-0.1675,0.0961
20211014,20211013,601006.SH,大秦铁路,7.64,0.1473,-0.1473,0.1205
20211014,20211013,002561.SZ,徐家汇,1.66,0.16,-0.16,0.0944
20211014,20211013,600820.SH,隧道股份,4.06,0.1677,-0.1677,0.0617
20211014,20211013,600697.SH,欧亚集团,3.29,0.1728,-0.1728,0.0575
20220110,20220107,601988.SH,中国银行,6.27,0.0963,-0.0963,0.1095
20220110,20220107,601328.SH,交通银行,6.7,0.1348,-0.1348,0.118
20220110,20220107,600790.SH,轻纺城,2.99,0.1349,-0.1349,0.0761
20220110,20220107,601006.SH,大秦铁路,7.37,0.1478,-0.1478,0.1201
20220110,20220107,600033.SH,福建高速,3.45,0.1527,-0.1527,0.0943
20220110,20220107,002561.SZ,徐家汇,1.65,0.1553,-0.1553,0.0969
20220110,20220107,600959.SH,江苏有线,0.9,0.1582,-0.1582,0.0702
20220110,20220107,600649.SH,城投控股,2.16,0.1626,-0.1626,0.0751
20220110,20220107,600697.SH,欧亚集团,3.17,0.1688,-0.1688,0.0573
20220110,20220107,600377.SH,宁沪高速,5.2,0.1702,-0.1702,0.0972
20220110,20220107,600820.SH,隧道股份,3.94,0.1737,-0.1737,0.0619
20220110,20220107,600062.SH,华润双鹤,2.2,0.1793,-0.1793,0.0234
20220411,20220408,601988.SH,中国银行,5.99,0.1051,-0.1051,0.116
20220411,20220408,601328.SH,交通银行,6.13,0.1625,-0.1625,0.1199
20220411,20220408,601006.SH,大秦铁路,6.96,0.1815,-0.1815,0.1257
20220411,20220408,600377.SH,宁沪高速,5.37,0.1862,-0.1862,0.1114
20220411,20220408,002561.SZ,徐家汇,1.53,0.1927,-0.1927,0.0996
20220411,20220408,600033.SH,福建高速,3.33,0.1963,-0.1963,0.1012
20220411,20220408,600050.SH,中国联通,3.2,0.1713,-0.1713,0.0265
20220411,20220408,601319.SH,中国人保,2.95,0.1827,-0.1827,0.0307
20220411,20220408,600901.SH,江苏金租,5.96,0.1879,-0.1879,0.0805
20220411,20220408,000563.SZ,陕国投Ａ,0.91,0.1939,-0.1939,0.0132
20220411,20220408,600177.SH,雅戈尔,7.2,0.1953,-0.1953,0.1459
20220411,20220408,002228.SZ,合兴包装,2.67,0.1982,-0.1982,0.0294
20220707,20220706,601328.SH,交通银行,6.38,0.1631,-0.1631,0.1218
20220707,20220706,600050.SH,中国联通,2.52,0.1704,-0.1704,0.0268
20220707,20220706,601006.SH,大秦铁路,7.24,0.1838,-0.1838,0.1279
20220707,20220706,600377.SH,宁沪高速,5.52,0.1839,-0.1839,0.1118
20220707,20220706,600901.SH,江苏金租,6.86,0.2177,-0.2177,0.0776
20220707,20220706,600177.SH,雅戈尔,7.31,0.2199,-0.2199,0.1448
20220707,20220706,600033.SH,福建高速,5.51,0.22,-0.22,0.1091
20220707,20220706,000563.SZ,陕国投Ａ,0.99,0.2258,-0.2258,0.014
20220707,20220706,601319.SH,中国人保,2.77,0.228,-0.228,0.0282
20220707,20220706,601169.SH,北京银行,6.64,0.1317,-0.1317,0.1255
20220707,20220706,601766.SH,中国中车,3.54,0.2116,-0.2116,0.0708
20220707,20220706,603367.SH,辰欣药业,2.57,0.2172,-0.2172,0.0418
20221014,20221013,601169.SH,北京银行,7.4,0.1334,-0.1334,0.1227
20221014,20221013,601328.SH,交通银行,7.7,0.1602,-0.1602,0.117
20221014,20221013,600050.SH,中国联通,2.52,0.1648,-0.1648,0.0239
20221014,20221013,600377.SH,宁沪高速,6.37,0.1719,-0.1719,0.1151
20221014,20221013,601766.SH,中国中车,3.82,0.1824,-0.1824,0.0681
20221014,20221013,601006.SH,大秦铁路,7.16,0.1888,-0.1888,0.1127
20221014,20221013,600177.SH,雅戈尔,7.91,0.2203,-0.2203,0.1396
20221014,20221013,600901.SH,江苏金租,7.01,0.2247,-0.2247,0.0706
20221014,20221013,601366.SH,利群股份,2.46,0.1679,-0.1679,0.0517
20221014,20221013,688009.SH,中国通号,3.94,0.1799,-0.1799,0.0832
20221014,20221013,600567.SH,山鹰国际,4.36,0.2122,-0.2122,0.0517
20221014,20221013,601138.SH,工业富联,5.96,0.2134,-0.2134,0.0436
20230109,20230106,601169.SH,北京银行,7.13,0.1368,-0.1368,0.1182
20230109,20230106,601328.SH,交通银行,7.38,0.1577,-0.1577,0.1123
20230109,20230106,600377.SH,宁沪高速,5.56,0.1847,-0.1847,0.1006
20230109,20230106,600567.SH,山鹰国际,4.2,0.1977,-0.1977,0.0499
20230109,20230106,601006.SH,大秦铁路,7.29,0.2008,-0.2008,0.1149
20230109,20230106,688009.SH,中国通号,3.62,0.2034,-0.2034,0.0764
20230109,20230106,601766.SH,中国中车,3.5,0.2049,-0.2049,0.0625
20230109,20230106,601138.SH,工业富联,5.31,0.2137,-0.2137,0.0389
20230109,20230106,600177.SH,雅戈尔,7.82,0.2194,-0.2194,0.138
20230109,20230106,000685.SZ,中山公用,4.28,0.1974,-0.1974,0.0502
20230109,20230106,600028.SH,中国石化,10.78,0.1984,-0.1984,0.1122
20230109,20230106,000598.SZ,兴蓉环境,2.07,0.2032,-0.2032,0.0259
20230410,20230407,601169.SH,北京银行,6.87,0.1249,-0.1249,0.1377
20230410,20230407,601328.SH,交通银行,6.85,0.1308,-0.1308,0.126
20230410,20230407,000598.SZ,兴蓉环境,2.0,0.1558,-0.1558,0.0303
20230410,20230407,600377.SH,宁沪高速,5.47,0.1711,-0.1711,0.1195
20230410,20230407,000685.SZ,中山公用,4.2,0.1734,-0.1734,0.0596
20230410,20230407,601006.SH,大秦铁路,6.69,0.1746,-0.1746,0.1275
20230410,20230407,600177.SH,雅戈尔,7.66,0.1899,-0.1899,0.1635
20230410,20230407,600567.SH,山鹰国际,4.27,0.1938,-0.1938,0.0613
20230410,20230407,601880.SH,辽港股份,1.68,0.1434,-0.1434,0.027
20230410,20230407,003816.SZ,中国广核,2.89,0.1732,-0.1732,0.0628
20230410,20230407,601018.SH,宁波港,1.98,0.1865,-0.1865,0.0487
20230410,20230407,000166.SZ,申万宏源,2.36,0.1881,-0.1881,0.0359
20230707,20230706,601880.SH,辽港股份,2.86,0.1185,-0.1185,0.0303
20230707,20230706,601018.SH,宁波港,2.56,0.1421,-0.1421,0.0572
20230707,20230706,000598.SZ,兴蓉环境,3.97,0.1499,-0.1499,0.0309
20230707,20230706,600177.SH,雅戈尔,7.83,0.1505,-0.1505,0.1808
20230707,20230706,000685.SZ,中山公用,3.97,0.1538,-0.1538,0.0609
20230707,20230706,601169.SH,北京银行,14.3,0.1666,-0.1666,0.1538
20230707,20230706,003816.SZ,中国广核,2.7,0.1709,-0.1709,0.0636
20230707,20230706,601328.SH,交通银行,6.17,0.1731,-0.1731,0.1228
20230707,20230706,000166.SZ,申万宏源,2.2,0.1802,-0.1802,0.0362
20230707,20230706,601568.SH,北元化工,4.98,0.1285,-0.1285,0.1357
20230707,20230706,601200.SH,上海环境,1.03,0.1752,-0.1752,0.0213
20230707,20230706,002391.SZ,长青股份,2.87,0.1786,-0.1786,0.1065
20231013,20231012,601880.SH,辽港股份,1.12,0.1088,-0.1088,0.0285
20231013,20231012,601568.SH,北元化工,5.02,0.1221,-0.1221,0.1295
20231013,20231012,601018.SH,宁波港,2.54,0.1351,-0.1351,0.0537
20231013,20231012,600177.SH,雅戈尔,7.11,0.1452,-0.1452,0.1555
20231013,20231012,002391.SZ,长青股份,2.99,0.1505,-0.1505,0.1051
20231013,20231012,601200.SH,上海环境,1.04,0.1525,-0.1525,0.0203
20231013,20231012,000598.SZ,兴蓉环境,2.11,0.1563,-0.1563,0.0297
20231013,20231012,000685.SZ,中山公用,2.97,0.1566,-0.1566,0.0591
20231013,20231012,601169.SH,北京银行,6.68,0.1643,-0.1643,0.135
20231013,20231012,003816.SZ,中国广核,2.77,0.1663,-0.1663,0.0596
20231013,20231012,601229.SH,上海银行,6.45,0.1396,-0.1396,0.1824
20231013,20231012,600648.SH,外高桥,2.85,0.1533,-0.1533,0.0418
20240108,20240105,601880.SH,辽港股份,1.21,0.1073,-0.1073,0.0285
20240108,20240105,601018.SH,宁波港,2.42,0.1243,-0.1243,0.0473
20240108,20240105,601229.SH,上海银行,6.56,0.1302,-0.1302,0.1714
20240108,20240105,601568.SH,北元化工,11.52,0.136,-0.136,0.1276
20240108,20240105,600177.SH,雅戈尔,7.51,0.141,-0.141,0.1518
20240108,20240105,002391.SZ,长青股份,3.17,0.1428,-0.1428,0.1028
20240108,20240105,601200.SH,上海环境,1.1,0.1489,-0.1489,0.0198
20240108,20240105,600648.SH,外高桥,3.38,0.15,-0.15,0.0457
20240108,20240105,000685.SZ,中山公用,2.91,0.1509,-0.1509,0.0535
20240108,20240105,002440.SZ,闰土股份,4.0,0.1419,-0.1419,0.1536
20240108,20240105,600874.SH,创业环保,2.56,0.1425,-0.1425,0.0348
20240108,20240105,600900.SH,长江电力,3.46,0.1469,-0.1469,0.0633
20240409,20240408,601229.SH,上海银行,5.87,0.1403,-0.1403,0.1676
20240409,20240408,601018.SH,宁波港,2.46,0.1496,-0.1496,0.0525
20240409,20240408,601880.SH,辽港股份,1.23,0.1541,-0.1541,0.0316
20240409,20240408,600900.SH,长江电力,3.24,0.1607,-0.1607,0.0648
20240409,20240408,600177.SH,雅戈尔,6.92,0.1689,-0.1689,0.1528
20240409,20240408,601006.SH,大秦铁路,5.56,0.1551,-0.1551,0.1268
20240409,20240408,600000.SH,浦发银行,4.4,0.1566,-0.1566,0.0704
20240409,20240408,600008.SH,首创环保,4.58,0.168,-0.168,0.0666
20240409,20240408,000709.SZ,河钢股份,1.83,0.1703,-0.1703,0.1017
20240409,20240408,600887.SH,伊利股份,3.81,0.1783,-0.1783,0.0578
20240409,20240408,601211.SH,国泰海通,3.92,0.1801,-0.1801,0.062
20240409,20240408,600999.SH,招商证券,1.33,0.1818,-0.1818,0.0453
20240705,20240704,601006.SH,大秦铁路,5.54,0.1433,-0.1433,0.135
20240705,20240704,600900.SH,长江电力,2.79,0.1509,-0.1509,0.0579
20240705,20240704,600000.SH,浦发银行,3.76,0.1534,-0.1534,0.0624
20240705,20240704,601229.SH,上海银行,6.24,0.1553,-0.1553,0.1605
20240705,20240704,600008.SH,首创环保,3.64,0.1619,-0.1619,0.0712
20240705,20240704,601018.SH,宁波港,2.61,0.1687,-0.1687,0.0553
20240705,20240704,600887.SH,伊利股份,4.69,0.1699,-0.1699,0.0637
20240705,20240704,600177.SH,雅戈尔,7.05,0.1718,-0.1718,0.1613
20240705,20240704,601880.SH,辽港股份,1.37,0.1759,-0.1759,0.0366
20240705,20240704,600999.SH,招商证券,1.34,0.1806,-0.1806,0.0473
20240705,20240704,000709.SZ,河钢股份,2.04,0.1829,-0.1829,0.1177
20240705,20240704,600332.SH,白云山,2.59,0.1705,-0.1705,0.0311
20241014,20241011,600900.SH,长江电力,2.81,0.1708,-0.1708,0.0645
20241014,20241011,601006.SH,大秦铁路,5.72,0.1789,-0.1789,0.1636
20241014,20241011,600008.SH,首创环保,3.18,0.1995,-0.1995,0.0691
20241014,20241011,600000.SH,浦发银行,3.16,0.2034,-0.2034,0.0578
20241014,20241011,601229.SH,上海银行,6.01,0.2111,-0.2111,0.1714
20241014,20241011,601018.SH,宁波港,2.49,0.216,-0.216,0.0583
20241014,20241011,601880.SH,辽港股份,1.37,0.2266,-0.2266,0.0368
20241014,20241011,601816.SH,京沪高铁,1.95,0.1822,-0.1822,0.0213
20241014,20241011,601868.SH,中国能建,1.13,0.213,-0.213,0.0288
20241014,20241011,600025.SH,华能水电,1.71,0.2193,-0.2193,0.0356
20241014,20241011,600681.SH,百川能源,8.14,0.2231,-0.2231,0.2539
20241014,20241011,000089.SZ,深圳机场,1.47,0.2249,-0.2249,0.0387
20250108,20250107,600900.SH,长江电力,2.86,0.1751,-0.1751,0.0635
20250108,20250107,601006.SH,大秦铁路,7.53,0.1862,-0.1862,0.16
20250108,20250107,601816.SH,京沪高铁,1.9,0.2076,-0.2076,0.0201
20250108,20250107,600000.SH,浦发银行,3.13,0.2195,-0.2195,0.0554
20250108,20250107,600008.SH,首创环保,3.18,0.2264,-0.2264,0.0669
20250108,20250107,601018.SH,宁波港,2.46,0.229,-0.229,0.0558
20250108,20250107,601868.SH,中国能建,1.18,0.23,-0.23,0.0292
20250108,20250107,601229.SH,上海银行,8.46,0.2337,-0.2337,0.145
20250108,20250107,600025.SH,华能水电,1.97,0.234,-0.234,0.0396
20250108,20250107,000089.SZ,深圳机场,1.5,0.2349,-0.2349,0.0382
20250108,20250107,600681.SH,百川能源,6.57,0.2361,-0.2361,0.2522
20250108,20250107,600004.SH,白云机场,0.81,0.2366,-0.2366,0.0742
20250408,20250407,600900.SH,长江电力,3.64,0.1667,-0.1667,0.0579
20250408,20250407,601006.SH,大秦铁路,7.13,0.1899,-0.1899,0.146
20250408,20250407,601816.SH,京沪高铁,2.0,0.2058,-0.2058,0.0191
20250408,20250407,600004.SH,白云机场,0.88,0.2156,-0.2156,0.0727
20250408,20250407,600025.SH,华能水电,1.98,0.2196,-0.2196,0.0359
20250408,20250407,600008.SH,首创环保,3.39,0.2292,-0.2292,0.0641
20250408,20250407,600681.SH,百川能源,6.98,0.2318,-0.2318,0.2415
20250408,20250407,000089.SZ,深圳机场,1.61,0.2322,-0.2322,0.037
20250408,20250407,601018.SH,宁波港,2.65,0.2339,-0.2339,0.054
20250408,20250407,601868.SH,中国能建,1.77,0.2357,-0.2357,0.0267
20250408,20250407,601916.SH,浙商银行,5.75,0.1979,-0.1979,0.1688
20250408,20250407,601988.SH,中国银行,6.57,0.2037,-0.2037,0.0764
20250707,20250704,600900.SH,长江电力,3.42,0.1629,-0.1629,0.0708
20250707,20250704,601006.SH,大秦铁路,6.99,0.1904,-0.1904,0.1862
20250707,20250704,600004.SH,白云机场,1.73,0.2086,-0.2086,0.0882
20250707,20250704,601988.SH,中国银行,3.76,0.2101,-0.2101,0.0949
20250707,20250704,000089.SZ,深圳机场,1.74,0.2139,-0.2139,0.0431
20250707,20250704,600025.SH,华能水电,2.08,0.2149,-0.2149,0.044
20250707,20250704,601916.SH,浙商银行,4.24,0.2164,-0.2164,0.17
20250707,20250704,600008.SH,首创环保,5.56,0.2284,-0.2284,0.0803
20250707,20250704,601868.SH,中国能建,1.72,0.2312,-0.2312,0.0337
20250707,20250704,601065.SH,江盐集团,2.66,0.2115,-0.2115,0.0803
20250707,20250704,000538.SZ,云南白药,4.3,0.2118,-0.2118,0.0789
20250707,20250704,001213.SZ,中铁特货,1.5,0.2187,-0.2187,0.0297
20251015,20251014,600900.SH,长江电力,3.37,0.147,-0.147,0.065
20251015,20251014,601006.SH,大秦铁路,4.34,0.1697,-0.1697,0.1768
20251015,20251014,601988.SH,中国银行,4.06,0.1842,-0.1842,0.0872
20251015,20251014,600004.SH,白云机场,1.65,0.1914,-0.1914,0.0713
20251015,20251014,600025.SH,华能水电,2.04,0.1933,-0.1933,0.0368
20251015,20251014,601065.SH,江盐集团,2.62,0.1945,-0.1945,0.0673
20251015,20251014,000538.SZ,云南白药,5.98,0.1967,-0.1967,0.0657
20251015,20251014,000089.SZ,深圳机场,1.71,0.2067,-0.2067,0.0362
20251015,20251014,601916.SH,浙商银行,5.06,0.2165,-0.2165,0.173
20251015,20251014,600332.SH,白云山,3.11,0.1979,-0.1979,0.0375
20251015,20251014,001286.SZ,陕西能源,4.44,0.1994,-0.1994,0.0717
20251015,20251014,000895.SZ,双汇发展,5.6,0.2022,-0.2022,0.1117
20260109,20260108,600900.SH,长江电力,3.46,0.1225,-0.1225,0.0698
20260109,20260108,000538.SZ,云南白药,3.84,0.1296,-0.1296,0.0684
20260109,20260108,600332.SH,白云山,3.14,0.1345,-0.1345,0.0396
20260109,20260108,601065.SH,江盐集团,2.61,0.1445,-0.1445,0.0701
20260109,20260108,601006.SH,大秦铁路,4.31,0.1459,-0.1459,0.2141
20260109,20260108,600004.SH,白云机场,1.52,0.1534,-0.1534,0.0752
20260109,20260108,600025.SH,华能水电,2.13,0.1572,-0.1572,0.0414
20260109,20260108,000895.SZ,双汇发展,5.39,0.1588,-0.1588,0.1122
20260109,20260108,001286.SZ,陕西能源,4.31,0.1679,-0.1679,0.0728
20260109,20260108,601158.SH,重庆水务,3.5,0.1468,-0.1468,0.1746
20260109,20260108,601816.SH,京沪高铁,3.08,0.1523,-0.1523,0.0242
20260109,20260108,000028.SZ,国药一致,1.47,0.155,-0.155,0.0377
20260408,20260407,600900.SH,长江电力,3.53,0.1222,-0.1222,0.0738
20260408,20260407,000538.SZ,云南白药,3.9,0.1285,-0.1285,0.072
20260408,20260407,601006.SH,大秦铁路,4.23,0.1386,-0.1386,0.2181
20260408,20260407,601158.SH,重庆水务,3.63,0.1443,-0.1443,0.1881
20260408,20260407,600332.SH,白云山,3.47,0.1516,-0.1516,0.0453
20260408,20260407,601816.SH,京沪高铁,3.1,0.1547,-0.1547,0.0252
20260408,20260407,000895.SZ,双汇发展,5.02,0.1558,-0.1558,0.1084
20260408,20260407,600025.SH,华能水电,1.99,0.1569,-0.1569,0.0402
20260408,20260407,600004.SH,白云机场,1.62,0.157,-0.157,0.0828
20260408,20260407,000028.SZ,国药一致,1.39,0.1599,-0.1599,0.0369
20260408,20260407,601065.SH,江盐集团,2.7,0.1661,-0.1661,0.0751
20260408,20260407,600511.SH,国药股份,2.74,0.1467,-0.1467,0.034
20260707,20260706,600900.SH,长江电力,3.47,0.1252,-0.1252,0.0564
20260707,20260706,601158.SH,重庆水务,3.11,0.1261,-0.1261,0.1547
20260707,20260706,000538.SZ,云南白药,5.28,0.138,-0.138,0.0642
20260707,20260706,601006.SH,大秦铁路,4.67,0.14,-0.14,0.1847
20260707,20260706,600511.SH,国药股份,2.92,0.1441,-0.1441,0.0282
20260707,20260706,601816.SH,京沪高铁,3.37,0.1466,-0.1466,0.0213
20260707,20260706,600332.SH,白云山,3.94,0.1595,-0.1595,0.0376
20260707,20260706,000895.SZ,双汇发展,6.19,0.1684,-0.1684,0.1005
20260707,20260706,001227.SZ,兰州银行,3.88,0.1416,-0.1416,0.1143
20260707,20260706,601607.SH,上海医药,2.49,0.1446,-0.1446,0.0514
20260707,20260706,002936.SZ,郑州银行,1.16,0.1477,-0.1477,0.1155
20260707,20260706,600018.SH,上港集团,3.91,0.1501,-0.1501,0.0711
